Year,Bayunit,Estimate.Nonpups,SD.Nonpups,Estimate.Pups,SD.Pups
1993,BHBIH,651,118.9,35,8.2
1993,BHBIHE,543,121.1,39,8.9
1993,BHBIHW,430,81.2,16,5.3
1993,BHBMR,2882,551.5,479,32.1
1993,BHBSI,1867.5,310.2,458,30.3
1993,BHBUP,1273.5,241.3,194,19.6
1993,BOSHB,3339.5,635.2,137,15.9
1993,CASB,2097.5,365.9,185,18.9
1993,CASBE,606,109.9,46,9.9
1993,CELPT,1449,309.7,30,7.5
1993,COBSB,244,59.8,38,8.6
1993,EB,1552,279.1,308,24.9
1993,ENGB,473,90.0,77,12.8
1993,FBMDI,1425,267.6,143,16.3
1993,MACHB,1287,261.8,236,21.3
1993,MUSCB,2713,485.2,255.5,23.7
1993,OUTIS,2398.5,363.1,97,13.5
1993,PBEA,2349,413.4,332,25.8
1993,PBMC,2024,353.6,326,25.5
1993,PBMW,1371,249.1,161,18.5
1993,PBUP,261,65.6,18,5.8
1993,PBVL,624.5,130.7,65,11.1
1993,PBVLW,247,45.0,38,8.3
1993,PNDB,1687,324.6,228,21.9
1993,WB,1489,242.7,335,26.7
1994,BHBIH,610,184.2,94,93.3
1994,BHBIHE,677,221.5,108,99.0
1994,BHBIHW,415,122.4,42.5,42.8
1994,BHBMR,3052,1016.2,718,639.8
1994,BHBSI,1554.5,492.4,408,326.5
1994,BHBUP,1328.5,447.3,337.5,301.0
1994,BOSHB,3677,1129.1,234,205.5
1994,CASB,1971.5,596.2,320,289.2
1994,CASBE,606,194.5,37,30.4
1994,CELPT,1765.5,614.1,53,47.1
1994,COBSB,293.5,105.3,55,54.5
1994,EB,1560.5,448.5,490.5,442.9
1994,ENGB,468.5,152.6,94,87.7
1994,FBMDI,1576.5,471.3,226,195.9
1994,MACHB,1443.5,475.2,301,270.3
1994,MUSCB,2806,889.2,426,400.5
1994,OUTIS,1611,506.8,60,50.0
1994,PBEA,2429,763.7,604,566.5
1994,PBMC,1802.5,571.7,318,239.2
1994,PBMW,1320.5,420.9,233,205.1
1994,PBUP,334,121.7,25,25.5
1994,PBVL,634.5,195.6,118,114.9
1994,PBVLW,219,72.0,29,23.7
1994,PNDB,1754,547.7,275.5,266.8
1994,WB,1487,455.4,400,328.7
1995,BHBIH,580,183.8,96,86.3
1995,BHBIHE,723,239.4,107,95.8
1995,BHBIHW,396,126.1,44.5,42.7
1995,BHBMR,3064,1072.6,711.5,655.0
1995,BHBSI,1436,466.7,401.5,394.8
1995,BHBUP,1413.5,443.8,343.5,293.2
1995,BOSHB,3922.5,1146.0,252,210.4
1995,CASB,1986.5,631.0,324,321.1
1995,CASBE,588.5,205.9,37,32.4
1995,CELPT,1905,662.2,53,48.6
1995,COBSB,304,108.7,61,48.6
1995,EB,1598.5,496.8,487,415.5
1995,ENGB,462.5,156.6,100,91.9
1995,FBMDI,1647.5,515.2,236,212.9
1995,MACHB,1496,492.7,302.5,271.8
1995,MUSCB,2749.5,864.2,431,394.6
1995,OUTIS,1392.5,453.6,58,59.1
1995,PBEA,2400.5,765.2,604,512.8
1995,PBMC,1694,566.3,305.5,283.3
1995,PBMW,1288.5,435.4,236,230.9
1995,PBUP,360,126.5,24,24.8
1995,PBVL,626,211.3,119,102.2
1995,PBVLW,215,72.0,27,26.8
1995,PNDB,1704,538.4,297,294.8
1995,WB,1507.5,465.2,404.5,364.9
1996,BHBIH,569.5,172.0,91,82.9
1996,BHBIHE,744.5,237.4,110,107.8
1996,BHBIHW,390,121.9,44,46.0
1996,BHBMR,3100,1020.5,723.5,551.4
1996,BHBSI,1384.5,439.1,422.5,342.6
1996,BHBUP,1440.5,474.4,361,291.2
1996,BOSHB,4197.5,1327.1,246.5,228.4
1996,CASB,2086.5,633.2,312.5,313.0
1996,CASBE,537,177.0,35,32.1
1996,CELPT,2004,674.9,55,51.8
1996,COBSB,305,112.5,58,53.6
1996,EB,1664,490.3,504.5,472.6
1996,ENGB,449.5,143.5,102,98.4
1996,FBMDI,1731.5,501.7,236,207.1
1996,MACHB,1472,480.1,321,259.0
1996,MUSCB,2718,831.1,418,360.2
1996,OUTIS,1196.5,415.8,56,48.3
1996,PBEA,2309.5,719.5,648,587.0
1996,PBMC,1557.5,500.1,308,258.7
1996,PBMW,1272.5,394.0,225,200.4
1996,PBUP,371,122.9,24,26.0
1996,PBVL,595,186.0,123,106.0
1996,PBVLW,206,65.6,28,22.1
1996,PNDB,1722,548.0,280,246.3
1996,WB,1522,480.6,418,352.1
1997,BHBIH,493,96.9,45,9.6
1997,BHBIHE,767.5,135.1,43,9.2
1997,BHBIHW,352,69.4,18,5.6
1997,BHBMR,2952,584.2,633,35.8
1997,BHBSI,1376.5,241.6,359,26.5
1997,BHBUP,1597.5,264.8,319,25.5
1997,BOSHB,4906,812.7,257,22.8
1997,CASB,2370.5,389.1,294,24.6
1997,CASBE,414,92.0,21,6.5
1997,CELPT,2325.5,409.1,52,10.3
1997,COBSB,280,65.1,57,10.8
1997,EB,1835,307.0,596,34.8
1997,ENGB,418,85.2,111,15.3
1997,FBMDI,1840,306.5,192,20.0
1997,MACHB,1397,274.9,314,25.9
1997,MUSCB,2456.5,464.1,206,20.5
1997,OUTIS,906,208.9,33.5,8.1
1997,PBEA,2164.5,395.6,568,33.2
1997,PBMC,1233,261.6,194,19.1
1997,PBMW,1161,227.5,117,15.6
1997,PBUP,363.5,68.9,9,4.2
1997,PBVL,528,111.0,96,13.7
1997,PBVLW,203,41.6,34,8.3
1997,PNDB,1782,330.1,266,23.4
1997,WB,1646.5,271.8,416,29.3
1998,BHBIH,544,179.5,93.5,93.8
1998,BHBIHE,763,229.3,115,101.5
1998,BHBIHW,392,124.5,47,36.8
1998,BHBMR,3129.5,936.8,713.5,616.9
1998,BHBSI,1380.5,421.0,421,318.1
1998,BHBUP,1458,472.3,346,290.9
1998,BOSHB,4353,1301.9,244.5,221.9
1998,CASB,2099.5,615.1,327,296.6
1998,CASBE,540,171.1,36,29.9
1998,CELPT,2075,702.3,58,46.0
1998,COBSB,319,113.7,59,48.5
1998,EB,1644,485.5,525.5,434.2
1998,ENGB,435,141.5,102,91.2
1998,FBMDI,1787,517.7,245,239.6
1998,MACHB,1523,481.0,317,261.2
1998,MUSCB,2738.5,861.2,434,411.3
1998,OUTIS,1187,409.7,56,50.6
1998,PBEA,2285,678.0,653.5,565.8
1998,PBMC,1549,509.0,306.5,250.8
1998,PBMW,1258.5,395.9,236,205.4
1998,PBUP,389,126.3,26,24.3
1998,PBVL,611,204.7,119,92.7
1998,PBVLW,207,64.9,27,21.6
1998,PNDB,1745.5,562.4,283.5,241.8
1998,WB,1507,449.3,436.5,351.2
1999,BHBIH,539,184.1,96.5,84.3
1999,BHBIHE,805,253.0,115,95.3
1999,BHBIHW,401,123.5,47,38.2
1999,BHBMR,3247,1069.1,713.5,650.1
1999,BHBSI,1390.5,469.2,424,351.9
1999,BHBUP,1454.5,482.1,357,319.8
1999,BOSHB,4300,1414.0,248,235.1
1999,CASB,2032.5,667.6,333,268.2
1999,CASBE,618,199.9,39,32.9
1999,CELPT,2061,654.4,60,46.2
1999,COBSB,351,124.1,62,52.1
1999,EB,1573.5,470.1,525,467.4
1999,ENGB,432.5,145.5,101,97.1
1999,FBMDI,1826,590.1,247,194.3
1999,MACHB,1500.5,516.3,306.5,258.9
1999,MUSCB,2991.5,990.2,434.5,390.9
1999,OUTIS,1322.5,458.5,60,51.0
1999,PBEA,2360,779.1,629.5,608.0
1999,PBMC,1743.5,621.8,318.5,268.9
1999,PBMW,1367.5,468.2,250,209.5
1999,PBUP,413,134.8,27,26.7
1999,PBVL,652.5,214.4,120,96.1
1999,PBVLW,208,67.0,27,24.4
1999,PNDB,1748,570.5,292,260.6
1999,WB,1470,451.7,436,376.3
2000,BHBIH,532,160.8,99,81.1
2000,BHBIHE,835,247.8,122.5,111.5
2000,BHBIHW,413,116.7,51,42.2
2000,BHBMR,3334,1009.6,765.5,620.3
2000,BHBSI,1437.5,453.5,433.5,348.2
2000,BHBUP,1486.5,452.5,383.5,288.1
2000,BOSHB,4421.5,1412.8,261,217.4
2000,CASB,2077,640.4,323,258.1
2000,CASBE,657,203.6,38.5,31.2
2000,CELPT,2038.5,633.6,58,44.5
2000,COBSB,378,129.1,60,52.4
2000,EB,1537.5,433.9,528.5,382.8
2000,ENGB,410,133.5,99,87.5
2000,FBMDI,1890,541.8,244,211.2
2000,MACHB,1549,508.2,317.5,266.4
2000,MUSCB,3338,1076.7,459.5,416.5
2000,OUTIS,1512,476.4,60,53.8
2000,PBEA,2512,683.4,637,586.6
2000,PBMC,1944.5,623.0,322,258.9
2000,PBMW,1508.5,452.2,255,227.0
2000,PBUP,447,133.7,28,26.8
2000,PBVL,685.5,204.3,122,105.9
2000,PBVLW,213,66.6,26,26.3
2000,PNDB,1738,518.3,317,246.3
2000,WB,1455,421.8,425,355.3
2001,BHBIH,453,39.3,150,17.5
2001,BHBIHE,945.5,92.1,324,24.9
2001,BHBIHW,400,42.7,107,14.6
2001,BHBMR,3940,462.4,1129,48.4
2001,BHBSI,1608.5,173.8,639,34.8
2001,BHBUP,1620,199.0,518.5,31.7
2001,BOSHB,5255,741.2,459,30.3
2001,CASB,2323.5,127.3,643,35.8
2001,CASBE,804,80.8,72,11.8
2001,CELPT,2195.5,376.4,97,14.3
2001,COBSB,479,78.6,96,13.7
2001,EB,1457,83.4,567.5,33.5
2001,ENGB,344,47.0,85,12.4
2001,FBMDI,2192,175.4,487,32.8
2001,MACHB,1568,184.1,403.5,27.7
2001,MUSCB,4242,742.5,835.5,42.1
2001,OUTIS,1841,256.5,117,15.5
2001,PBEA,2675.5,224.6,891,41.0
2001,PBMC,2499,331.7,539,33.7
2001,PBMW,1885,213.3,491.5,31.4
2001,PBUP,547.5,43.0,96,13.7
2001,PBVL,748.5,69.2,147,17.0
2001,PBVLW,224,29.3,14,5.3
2001,PNDB,1741,147.4,440,29.3
2001,WB,1435.5,57.8,634,35.0
2002,BHBIH,531.5,159.8,107,83.2
2002,BHBIHE,836.5,234.5,124.5,115.8
2002,BHBIHW,411,126.9,50,45.6
2002,BHBMR,3344,1008.2,782,600.2
2002,BHBSI,1436.5,429.7,438,366.6
2002,BHBUP,1460.5,431.6,369,299.1
2002,BOSHB,4306,1396.1,267,226.3
2002,CASB,2039,639.0,329,278.8
2002,CASBE,685,213.3,40.5,32.9
2002,CELPT,2002,690.0,56,49.7
2002,COBSB,391,135.1,62.5,55.9
2002,EB,1495,431.6,513.5,397.7
2002,ENGB,411.5,139.8,97,75.3
2002,FBMDI,1895,540.8,258,218.1
2002,MACHB,1539.5,486.8,314.5,273.3
2002,MUSCB,3337.5,1066.8,479,419.2
2002,OUTIS,1546,486.1,60,50.9
2002,PBEA,2540.5,757.9,654,543.3
2002,PBMC,1985,646.8,337,275.0
2002,PBMW,1497,454.4,249,197.7
2002,PBUP,440,137.6,28,27.3
2002,PBVL,689.5,205.8,127,106.7
2002,PBVLW,209,65.4,26,24.1
2002,PNDB,1746,518.9,295,243.9
2002,WB,1418,391.8,437.5,346.7
2003,BHBIH,566,185.0,106,84.3
2003,BHBIHE,799.5,260.3,128,108.6
2003,BHBIHW,421.5,135.7,52,47.2
2003,BHBMR,3227,1150.5,744,649.2
2003,BHBSI,1362.5,457.7,445.5,365.0
2003,BHBUP,1408,462.7,386,302.3
2003,BOSHB,4027,1385.9,248,224.2
2003,CASB,1959,643.0,341,296.9
2003,CASBE,665.5,206.1,40,34.4
2003,CELPT,2003.5,722.0,55,50.1
2003,COBSB,353.5,136.8,64,56.0
2003,EB,1478.5,523.7,530.5,465.0
2003,ENGB,431.5,146.1,102,87.2
2003,FBMDI,1754.5,566.6,240,223.8
2003,MACHB,1565,537.4,310,244.9
2003,MUSCB,3071.5,1115.5,465.5,394.3
2003,OUTIS,1466,508.0,60,53.6
2003,PBEA,2446.5,804.8,663,566.2
2003,PBMC,1882,658.4,335,282.3
2003,PBMW,1390,492.8,262.5,210.6
2003,PBUP,398,148.5,28,28.9
2003,PBVL,667,220.6,130,115.3
2003,PBVLW,203.5,69.9,26,23.6
2003,PNDB,1705.5,571.2,284,411.2
2003,WB,1435,464.7,416,348.5
2004,BHBIH,583.5,197.0,102,85.4
2004,BHBIHE,783,256.8,128,109.2
2004,BHBIHW,415.5,147.0,48,43.5
2004,BHBMR,3154.5,1087.0,775,621.7
2004,BHBSI,1329,478.4,413,327.4
2004,BHBUP,1389.5,480.2,349.5,319.9
2004,BOSHB,3982,1398.2,251.5,220.9
2004,CASB,1930,661.6,335.5,306.3
2004,CASBE,640,217.0,38,34.9
2004,CELPT,1980,752.4,56.5,49.5
2004,COBSB,338,141.6,62,50.3
2004,EB,1507.5,541.7,531,429.9
2004,ENGB,448,165.0,100.5,100.3
2004,FBMDI,1690,547.7,245.5,223.9
2004,MACHB,1601.5,547.1,325,265.2
2004,MUSCB,2935.5,1068.2,429.5,393.2
2004,OUTIS,1394,500.6,59,49.3
2004,PBEA,2362.5,823.6,659,582.5
2004,PBMC,1840.5,662.2,334.5,326.9
2004,PBMW,1330,502.2,255,210.8
2004,PBUP,395.5,150.0,27,26.4
2004,PBVL,665,229.5,127,104.1
2004,PBVLW,205,68.7,27,24.9
2004,PNDB,1711,581.9,291,238.3
2004,WB,1396,489.7,433.5,374.7
2005,BHBIH,599,196.9,103,86.8
2005,BHBIHE,763,265.0,117,111.5
2005,BHBIHW,421,143.2,49,45.7
2005,BHBMR,3154.5,1113.6,756,631.8
2005,BHBSI,1330.5,467.4,428.5,336.8
2005,BHBUP,1432.5,476.2,374.5,293.4
2005,BOSHB,3771,1339.6,248,223.6
2005,CASB,1870,656.9,338,299.5
2005,CASBE,634,208.7,38,33.1
2005,CELPT,1957.5,748.4,56,52.9
2005,COBSB,341,140.3,61,55.1
2005,EB,1522.5,495.8,516,452.9
2005,ENGB,460.5,167.1,102.5,96.3
2005,FBMDI,1677,552.9,244,198.7
2005,MACHB,1558,583.3,322.5,264.2
2005,MUSCB,2958,1034.1,459.5,400.1
2005,OUTIS,1383.5,490.8,58,53.8
2005,PBEA,2425,797.8,627,570.7
2005,PBMC,1761,626.9,309,320.9
2005,PBMW,1313.5,506.6,249,200.7
2005,PBUP,389,143.0,27,26.8
2005,PBVL,660.5,237.7,124,113.6
2005,PBVLW,204.5,70.4,26,25.3
2005,PNDB,1749,563.6,285,267.3
2005,WB,1425.5,476.4,425,359.4
2006,BHBIH,587,197.2,97,80.6
2006,BHBIHE,777.5,269.8,124,104.8
2006,BHBIHW,418,141.9,47,42.6
2006,BHBMR,3157,1092.6,759,619.7
2006,BHBSI,1339.5,441.6,421,336.8
2006,BHBUP,1382.5,492.2,370.5,307.0
2006,BOSHB,3853.5,1392.3,250.5,207.3
2006,CASB,1863,635.0,339.5,283.0
2006,CASBE,626,207.5,37,31.2
2006,CELPT,1931.5,723.5,57,48.8
2006,COBSB,338.5,139.2,61,52.6
2006,EB,1538,524.5,542,445.7
2006,ENGB,462,170.3,100.5,89.0
2006,FBMDI,1653.5,573.8,244,196.5
2006,MACHB,1566.5,598.3,305,252.1
2006,MUSCB,2879.5,1015.2,443,380.8
2006,OUTIS,1361,510.9,57,56.2
2006,PBEA,2387,802.1,638.5,648.3
2006,PBMC,1740.5,642.2,328,269.6
2006,PBMW,1297.5,488.0,240.5,219.6
2006,PBUP,382.5,142.4,27,24.6
2006,PBVL,672.5,240.6,125,108.3
2006,PBVLW,203.5,70.5,28,23.9
2006,PNDB,1696.5,618.0,293.5,301.8
2006,WB,1413.5,515.0,413,365.8
2007,BHBIH,588.5,205.7,106,94.2
2007,BHBIHE,760,259.5,119,103.1
2007,BHBIHW,415,143.6,47,42.0
2007,BHBMR,3114,1125.0,733,708.1
2007,BHBSI,1335.5,464.2,421,380.3
2007,BHBUP,1372.5,503.9,364,293.4
2007,BOSHB,3876,1385.5,255,246.2
2007,CASB,1855,645.3,329,268.5
2007,CASBE,623,216.6,39,30.5
2007,CELPT,1966.5,756.5,55,47.9
2007,COBSB,336.5,130.5,60,52.6
2007,EB,1516,543.7,536.5,490.3
2007,ENGB,463.5,170.1,102,88.9
2007,FBMDI,1651,593.1,246,221.3
2007,MACHB,1532.5,559.2,316,246.2
2007,MUSCB,2853,1004.8,468.5,416.8
2007,OUTIS,1385,477.3,56,51.3
2007,PBEA,2415,821.8,649.5,594.6
2007,PBMC,1731.5,650.2,329,273.4
2007,PBMW,1300.5,462.4,261,231.3
2007,PBUP,380,148.0,27,26.6
2007,PBVL,657,230.8,126,104.9
2007,PBVLW,203,71.3,28,23.1
2007,PNDB,1730.5,604.2,301,262.5
2007,WB,1426.5,494.8,421,358.5
2008,BHBIH,601,215.7,103,90.1
2008,BHBIHE,757,265.8,120,99.4
2008,BHBIHW,419,146.8,48.5,42.4
2008,BHBMR,3085,1064.0,736.5,674.8
2008,BHBSI,1354,500.5,421,362.3
2008,BHBUP,1373.5,493.0,373,390.2
2008,BOSHB,3778.5,1298.4,249.5,220.6
2008,CASB,1829,643.3,353.5,267.0
2008,CASBE,616.5,201.7,38,40.7
2008,CELPT,1933,719.0,55.5,54.6
2008,COBSB,328.5,126.4,62,57.2
2008,EB,1529,541.5,516.5,456.1
2008,ENGB,463,167.2,104,95.9
2008,FBMDI,1631,576.4,249.5,213.3
2008,MACHB,1563.5,560.1,316,284.9
2008,MUSCB,2843,962.3,454.5,408.6
2008,OUTIS,1355.5,492.3,58,58.2
2008,PBEA,2405.5,851.0,652,664.8
2008,PBMC,1724.5,637.4,327.5,273.7
2008,PBMW,1257.5,455.9,248,246.5
2008,PBUP,381,145.9,29,24.8
2008,PBVL,644,225.6,128.5,115.1
2008,PBVLW,200.5,73.3,28,23.7
2008,PNDB,1770,611.3,290,246.0
2008,WB,1398,505.1,424,380.8
2009,BHBIH,603,202.9,99,96.7
2009,BHBIHE,768,263.0,124.5,103.5
2009,BHBIHW,418,140.0,46,42.4
2009,BHBMR,3116,1100.9,755,658.0
2009,BHBSI,1303,447.5,419.5,364.8
2009,BHBUP,1391.5,469.3,362.5,319.7
2009,BOSHB,3762.5,1372.7,252,213.3
2009,CASB,1800,618.0,317,273.4
2009,CASBE,609,210.1,35,40.4
2009,CELPT,1907,757.6,54,53.1
2009,COBSB,334,137.7,59,61.9
2009,EB,1548.5,516.7,511,395.8
2009,ENGB,460,169.3,106,84.0
2009,FBMDI,1636,567.6,242.5,198.0
2009,MACHB,1543.5,544.9,320,256.3
2009,MUSCB,2760.5,926.9,463,417.2
2009,OUTIS,1372,508.9,57,50.9
2009,PBEA,2304,796.3,652,612.1
2009,PBMC,1726.5,618.5,325.5,273.5
2009,PBMW,1239,451.1,237.5,214.4
2009,PBUP,390,142.2,26,23.7
2009,PBVL,634,222.2,125.5,111.0
2009,PBVLW,195,71.5,28,22.8
2009,PNDB,1750,648.3,305,276.4
2009,WB,1411,499.6,405.5,407.9
2010,BHBIH,614,201.9,108,86.7
2010,BHBIHE,772,262.0,121,111.9
2010,BHBIHW,418,136.9,49,41.4
2010,BHBMR,3151.5,1040.0,744,636.2
2010,BHBSI,1276,423.0,390,318.0
2010,BHBUP,1410,435.3,352,335.8
2010,BOSHB,3758,1381.0,242,229.9
2010,CASB,1651,601.4,338.5,278.8
2010,CASBE,583,207.1,37,33.6
2010,CELPT,1904,777.5,58,50.4
2010,COBSB,330,137.3,61,57.6
2010,EB,1509.5,518.5,521.5,453.5
2010,ENGB,465,176.4,109,94.7
2010,FBMDI,1615,521.5,243,192.9
2010,MACHB,1561,537.6,323,263.7
2010,MUSCB,2729.5,874.6,445,413.7
2010,OUTIS,1341.5,506.0,57,49.7
2010,PBEA,2332,786.0,652,568.3
2010,PBMC,1755.5,614.8,334.5,293.9
2010,PBMW,1180.5,413.4,250,203.4
2010,PBUP,392,142.1,26,25.9
2010,PBVL,631.5,227.2,132,103.1
2010,PBVLW,183,66.5,27,24.1
2010,PNDB,1740,625.9,294,260.3
2010,WB,1409,490.8,429.5,376.9
2011,BHBIH,640.5,187.7,107.5,82.6
2011,BHBIHE,773,225.6,128,110.6
2011,BHBIHW,420.5,127.0,50,41.5
2011,BHBMR,3187.5,1009.8,768.5,644.1
2011,BHBSI,1178.5,379.4,422.5,357.3
2011,BHBUP,1400,425.9,374,339.2
2011,BOSHB,3828.5,1385.4,251.5,225.4
2011,CASB,1510,500.3,327,278.7
2011,CASBE,544,168.8,38,33.5
2011,CELPT,1893.5,733.1,53,49.6
2011,COBSB,333,137.0,61,59.4
2011,EB,1536.5,476.4,521.5,474.9
2011,ENGB,472,174.5,98,88.2
2011,FBMDI,1550,446.5,263.5,219.7
2011,MACHB,1538,503.8,314,289.4
2011,MUSCB,2529,786.8,464,363.0
2011,OUTIS,1342,505.0,59,47.4
2011,PBEA,2218.5,703.7,645.5,536.9
2011,PBMC,1759.5,568.7,352,276.3
2011,PBMW,1081,351.3,251,178.9
2011,PBUP,395.5,145.8,26,25.2
2011,PBVL,607.5,202.2,123.5,99.3
2011,PBVLW,163,57.5,28,25.3
2011,PNDB,1708,625.6,298,239.6
2011,WB,1426,491.2,416.5,359.4
2012,BHBIH,717,74.4,195,19.3
2012,BHBIHE,771,78.5,237,21.7
2012,BHBIHW,420,47.9,86,13.0
2012,BHBMR,3357,462.8,1068.5,45.6
2012,BHBSI,996,125.4,356,26.6
2012,BHBUP,1403.5,96.1,545,33.6
2012,BOSHB,3923.5,1321.9,240,209.5
2012,CASB,1057,145.7,379,26.8
2012,CASBE,439,51.4,39,8.7
2012,CELPT,1888.5,702.6,55,52.8
2012,COBSB,328,131.4,59,52.4
2012,EB,1525,163.2,719,37.4
2012,ENGB,463,173.2,102,96.9
2012,FBMDI,1401.5,117.3,323.5,25.1
2012,MACHB,1541,259.9,343,26.6
2012,MUSCB,2050,140.5,678,38.1
2012,OUTIS,1348,499.8,55,53.4
2012,PBEA,2077.5,366.9,745,38.0
2012,PBMC,1867,234.1,586,34.3
2012,PBMW,844.5,125.6,250,22.7
2012,PBUP,401,146.5,26,24.8
2012,PBVL,522,77.9,180,18.9
2012,PBVLW,114,22.0,25,6.6
2012,PNDB,1714,619.5,288,266.8
2012,WB,1415,516.7,407,366.4
2013,BHBIH,637,192.9,105.5,90.0
2013,BHBIHE,761,228.9,120,99.6
2013,BHBIHW,424,125.3,51,44.0
2013,BHBMR,3226,963.5,733,594.0
2013,BHBSI,1174,385.8,415.5,322.2
2013,BHBUP,1406,395.1,360,337.0
2013,BOSHB,3805,1295.4,245,230.0
2013,CASB,1473,495.7,313.5,282.1
2013,CASBE,548,179.4,37.5,31.3
2013,CELPT,1904.5,737.2,55,55.7
2013,COBSB,329,134.0,59,52.9
2013,EB,1534,447.8,524,454.5
2013,ENGB,476,168.5,103,96.2
2013,FBMDI,1560.5,506.2,253,214.1
2013,MACHB,1538.5,490.9,319.5,248.2
2013,MUSCB,2474,778.1,480.5,409.7
2013,OUTIS,1346.5,510.5,58,49.6
2013,PBEA,2277,692.7,645.5,527.9
2013,PBMC,1762.5,534.3,332.5,258.5
2013,PBMW,1097.5,372.3,242,226.3
2013,PBUP,386.5,151.7,27,26.3
2013,PBVL,601,195.4,131,116.3
2013,PBVLW,166,57.8,26,22.7
2013,PNDB,1719,590.3,288,247.8
2013,WB,1431,480.3,406,354.7
2014,BHBIH,614.5,191.4,105,96.5
2014,BHBIHE,763,244.9,124,103.1
2014,BHBIHW,419,131.1,49,43.1
2014,BHBMR,3124.5,1075.1,723.5,656.5
2014,BHBSI,1257,418.2,424.5,372.0
2014,BHBUP,1360.5,441.1,366,316.8
2014,BOSHB,3805,1357.0,250.5,212.0
2014,CASB,1706.5,572.5,338,295.1
2014,CASBE,593,191.9,37,28.9
2014,CELPT,1931.5,716.3,55,47.9
2014,COBSB,327,127.0,59,54.3
2014,EB,1523,480.5,503.5,432.2
2014,ENGB,467,167.1,97,87.1
2014,FBMDI,1616,531.9,247,209.6
2014,MACHB,1620,554.4,321,352.8
2014,MUSCB,2679,953.3,458.5,423.2
2014,OUTIS,1312.5,473.2,56,45.3
2014,PBEA,2323.5,728.9,659.5,540.0
2014,PBMC,1685.5,564.8,324,272.0
2014,PBMW,1209,415.3,246,218.6
2014,PBUP,395,146.1,25,25.2
2014,PBVL,634,209.7,127,96.8
2014,PBVLW,187,63.4,26,24.2
2014,PNDB,1718.5,611.9,298,246.9
2014,WB,1418,483.1,416,356.8
2015,BHBIH,616,198.1,110,97.8
2015,BHBIHE,756,243.8,122,102.3
2015,BHBIHW,424,136.4,49,44.1
2015,BHBMR,3012,1044.4,761,589.5
2015,BHBSI,1270.5,444.2,417,328.5
2015,BHBUP,1339.5,488.6,369,313.8
2015,BOSHB,3686,1340.9,247.5,218.6
2015,CASB,1790.5,629.8,332.5,279.2
2015,CASBE,607,210.5,36,33.9
2015,CELPT,1929.5,730.0,57,57.9
2015,COBSB,334,131.5,61.5,48.6
2015,EB,1538.5,491.3,515.5,430.5
2015,ENGB,477,176.7,99,86.5
2015,FBMDI,1620,522.7,248,199.6
2015,MACHB,1614.5,545.2,311,269.7
2015,MUSCB,2817.5,933.7,471,393.0
2015,OUTIS,1296,482.0,55,50.3
2015,PBEA,2340.5,784.5,647,561.6
2015,PBMC,1684,585.8,320.5,251.7
2015,PBMW,1261.5,460.6,256,197.4
2015,PBUP,392,141.5,28,23.9
2015,PBVL,648,227.9,126,107.5
2015,PBVLW,197,71.3,27,24.3
2015,PNDB,1698.5,604.9,301.5,266.4
2015,WB,1381.5,463.3,414.5,336.1
2016,BHBIH,629,199.2,106,90.7
2016,BHBIHE,784.5,235.3,123,109.3
2016,BHBIHW,442.5,138.4,51,40.7
2016,BHBMR,2930.5,1013.3,743.5,599.9
2016,BHBSI,1275,442.7,407,339.3
2016,BHBUP,1331,448.1,364.5,312.7
2016,BOSHB,3531.5,1265.2,257.5,242.6
2016,CASB,1828.5,597.5,314,284.0
2016,CASBE,656.5,212.1,35,32.9
2016,CELPT,1898.5,668.1,55,52.1
2016,COBSB,324.5,128.4,57,58.7
2016,EB,1478.5,491.1,512,461.3
2016,ENGB,480,164.1,102,91.9
2016,FBMDI,1625,513.1,241,191.8
2016,MACHB,1621.5,571.3,311,273.5
2016,MUSCB,2916,944.8,458.5,461.7
2016,OUTIS,1235,434.8,54,52.4
2016,PBEA,2352,778.5,637,567.6
2016,PBMC,1649,562.4,324.5,264.4
2016,PBMW,1305,431.7,259,229.7
2016,PBUP,401,141.8,27,24.6
2016,PBVL,695.5,230.8,127,110.9
2016,PBVLW,209,70.1,26.5,24.3
2016,PNDB,1694,579.0,301.5,249.6
2016,WB,1361.5,438.3,418,357.3
2017,BHBIH,639,174.2,110.5,101.4
2017,BHBIHE,786,223.6,120,107.7
2017,BHBIHW,445,131.2,53,45.2
2017,BHBMR,2712.5,847.3,716,583.7
2017,BHBSI,1227,417.8,410,355.3
2017,BHBUP,1261.5,388.5,367.5,310.8
2017,BOSHB,3255.5,1089.7,238.5,204.9
2017,CASB,1811.5,566.8,338,257.9
2017,CASBE,722,213.1,35,32.8
2017,CELPT,1863,628.4,58,45.7
2017,COBSB,337,120.2,58,52.0
2017,EB,1454,423.5,534.5,430.2
2017,ENGB,512,166.8,106,94.1
2017,FBMDI,1625.5,456.5,244,232.6
2017,MACHB,1716,561.1,314,244.6
2017,MUSCB,3001,930.3,460,386.9
2017,OUTIS,1116,391.5,55.5,50.8
2017,PBEA,2407.5,738.5,663,547.3
2017,PBMC,1481,515.7,309,304.3
2017,PBMW,1331,446.8,247,235.6
2017,PBUP,401.5,135.4,28,26.1
2017,PBVL,748,214.6,135,121.6
2017,PBVLW,224,68.5,28,24.8
2017,PNDB,1664,524.8,292,260.1
2017,WB,1293,396.2,420,357.2
2018,BHBIH,701,47.9,237,21.7
2018,BHBIHE,811,56.2,180,19.1
2018,BHBIHW,475,39.5,96,13.7
2018,BHBMR,2280.5,302.8,555,33.0
2018,BHBSI,1079,154.7,344,25.5
2018,BHBUP,1092,116.8,344,26.4
2018,BOSHB,2654.5,268.2,243,21.7
2018,CASB,1838.5,224.5,301,23.2
2018,CASBE,910,75.1,26,7.2
2018,CELPT,1823.5,332.5,64,11.3
2018,COBSB,347,83.4,60,10.8
2018,EB,1358.5,110.4,442,30.0
2018,ENGB,635.5,72.3,154,17.8
2018,FBMDI,1588,91.0,225,20.5
2018,MACHB,2025,299.6,297,24.5
2018,MUSCB,3291,415.0,662,36.2
2018,OUTIS,843.5,135.3,30,7.9
2018,PBEA,2507.5,252.4,948,43.7
2018,PBMC,1244,238.2,151,17.8
2018,PBMW,1398.5,258.5,368.5,27.0
2018,PBUP,427,69.7,30,7.7
2018,PBVL,900,97.8,179,18.7
2018,PBVLW,275,38.9,29,7.6
2018,PNDB,1592.5,156.1,288,24.1
2018,WB,1150,76.3,337,26.0
