,BAYCODE,lat,long,Year,Estimate.Nonpups,SE.Nonpups,Estimate.Pups,SE.Pups,BAYNUM,BAYDESC
1,BHBIH,44.11438,-68.4708,1993,1067,201.9,58,14,10,"Blue Hill Bay, Isle au Haut"
5,BHBIH,44.11438,-68.4708,1994,1000,305.9,157,155.7,10,"Blue Hill Bay, Isle au Haut"
3,BHBIH,44.11438,-68.4708,1995,951,304.9,160,144,10,"Blue Hill Bay, Isle au Haut"
8,BHBIH,44.11438,-68.4708,1996,934,285.7,152,138.4,10,"Blue Hill Bay, Isle au Haut"
16,BHBIH,44.11438,-68.4708,1997,808,163.7,75,16.4,10,"Blue Hill Bay, Isle au Haut"
2,BHBIH,44.11438,-68.4708,1998,892,297.5,156,156.5,10,"Blue Hill Bay, Isle au Haut"
7,BHBIH,44.11438,-68.4708,1999,884,304.9,161,140.7,10,"Blue Hill Bay, Isle au Haut"
4,BHBIH,44.11438,-68.4708,2000,872,267.1,165,135.4,10,"Blue Hill Bay, Isle au Haut"
9,BHBIH,44.11438,-68.4708,2001,743,74.1,250,31.6,10,"Blue Hill Bay, Isle au Haut"
18,BHBIH,44.11438,-68.4708,2002,871,265.4,178,138.9,10,"Blue Hill Bay, Isle au Haut"
22,BHBIH,44.11438,-68.4708,2003,928,306.7,177,140.8,10,"Blue Hill Bay, Isle au Haut"
24,BHBIH,44.11438,-68.4708,2004,957,326.4,170,142.6,10,"Blue Hill Bay, Isle au Haut"
26,BHBIH,44.11438,-68.4708,2005,982,326.4,172,144.9,10,"Blue Hill Bay, Isle au Haut"
11,BHBIH,44.11438,-68.4708,2006,962,326.7,162,134.6,10,"Blue Hill Bay, Isle au Haut"
20,BHBIH,44.11438,-68.4708,2007,965,340.5,177,157.2,10,"Blue Hill Bay, Isle au Haut"
14,BHBIH,44.11438,-68.4708,2008,985,356.9,172,150.4,10,"Blue Hill Bay, Isle au Haut"
25,BHBIH,44.11438,-68.4708,2009,989,336.2,165,161.4,10,"Blue Hill Bay, Isle au Haut"
12,BHBIH,44.11438,-68.4708,2010,1007,334.7,180,144.8,10,"Blue Hill Bay, Isle au Haut"
19,BHBIH,44.11438,-68.4708,2011,1050,312,179,137.9,10,"Blue Hill Bay, Isle au Haut"
21,BHBIH,44.11438,-68.4708,2012,1175,135,325,35.8,10,"Blue Hill Bay, Isle au Haut"
15,BHBIH,44.11438,-68.4708,2013,1044,320.4,176,150.2,10,"Blue Hill Bay, Isle au Haut"
10,BHBIH,44.11438,-68.4708,2014,1007,317.7,175,161.1,10,"Blue Hill Bay, Isle au Haut"
6,BHBIH,44.11438,-68.4708,2015,1010,328.5,183,163.2,10,"Blue Hill Bay, Isle au Haut"
13,BHBIH,44.11438,-68.4708,2016,1031,330.5,177,151.4,10,"Blue Hill Bay, Isle au Haut"
23,BHBIH,44.11438,-68.4708,2017,1048,290.2,184,169.2,10,"Blue Hill Bay, Isle au Haut"
17,BHBIH,44.11438,-68.4708,2018,1149,96.7,395,40.9,10,"Blue Hill Bay, Isle au Haut"
31,BHBIHE,44.11438,-68.4708,1993,890,203.3,65,15.2,23,"Blue Hill Bay, Isle au Haut, East"
36,BHBIHE,44.11438,-68.4708,1994,1110,367.2,180,165.2,23,"Blue Hill Bay, Isle au Haut, East"
37,BHBIHE,44.11438,-68.4708,1995,1185,396.8,178,159.9,23,"Blue Hill Bay, Isle au Haut, East"
49,BHBIHE,44.11438,-68.4708,1996,1220,393.8,183,179.9,23,"Blue Hill Bay, Isle au Haut, East"
51,BHBIHE,44.11438,-68.4708,1997,1258,230,72,15.7,23,"Blue Hill Bay, Isle au Haut, East"
39,BHBIHE,44.11438,-68.4708,1998,1251,380.9,192,169.4,23,"Blue Hill Bay, Isle au Haut, East"
33,BHBIHE,44.11438,-68.4708,1999,1320,419.8,192,159.1,23,"Blue Hill Bay, Isle au Haut, East"
27,BHBIHE,44.11438,-68.4708,2000,1369,411.8,204,186.1,23,"Blue Hill Bay, Isle au Haut, East"
29,BHBIHE,44.11438,-68.4708,2001,1550,169.1,540,49,23,"Blue Hill Bay, Isle au Haut, East"
46,BHBIHE,44.11438,-68.4708,2002,1371,390.3,208,193.3,23,"Blue Hill Bay, Isle au Haut, East"
44,BHBIHE,44.11438,-68.4708,2003,1311,431.6,213,181.3,23,"Blue Hill Bay, Isle au Haut, East"
47,BHBIHE,44.11438,-68.4708,2004,1284,425.7,213,182.3,23,"Blue Hill Bay, Isle au Haut, East"
28,BHBIHE,44.11438,-68.4708,2005,1251,438.8,195,186.1,23,"Blue Hill Bay, Isle au Haut, East"
30,BHBIHE,44.11438,-68.4708,2006,1275,446.7,207,175,23,"Blue Hill Bay, Isle au Haut, East"
34,BHBIHE,44.11438,-68.4708,2007,1246,429.8,198,172.1,23,"Blue Hill Bay, Isle au Haut, East"
42,BHBIHE,44.11438,-68.4708,2008,1241,440,200,165.9,23,"Blue Hill Bay, Isle au Haut, East"
50,BHBIHE,44.11438,-68.4708,2009,1259,435.6,208,172.8,23,"Blue Hill Bay, Isle au Haut, East"
52,BHBIHE,44.11438,-68.4708,2010,1266,434,202,186.8,23,"Blue Hill Bay, Isle au Haut, East"
41,BHBIHE,44.11438,-68.4708,2011,1267,375.1,213,184.6,23,"Blue Hill Bay, Isle au Haut, East"
35,BHBIHE,44.11438,-68.4708,2012,1264,142.9,395,40.9,23,"Blue Hill Bay, Isle au Haut, East"
40,BHBIHE,44.11438,-68.4708,2013,1248,380.2,200,166.3,23,"Blue Hill Bay, Isle au Haut, East"
32,BHBIHE,44.11438,-68.4708,2014,1251,406.2,207,172.1,23,"Blue Hill Bay, Isle au Haut, East"
45,BHBIHE,44.11438,-68.4708,2015,1239,404.3,203,170.8,23,"Blue Hill Bay, Isle au Haut, East"
48,BHBIHE,44.11438,-68.4708,2016,1286,390.9,205,182.4,23,"Blue Hill Bay, Isle au Haut, East"
43,BHBIHE,44.11438,-68.4708,2017,1289,372,200,179.8,23,"Blue Hill Bay, Isle au Haut, East"
38,BHBIHE,44.11438,-68.4708,2018,1330,113,300,35,23,"Blue Hill Bay, Isle au Haut, East"
53,BHBIHW,44.04588,-68.7281,1993,705,137.6,27,8.9,24,"Blue Hill Bay, Isle au Haut, West"
58,BHBIHW,44.04588,-68.7281,1994,680,203.4,71,71.4,24,"Blue Hill Bay, Isle au Haut, West"
66,BHBIHW,44.04588,-68.7281,1995,649,209.2,74,71.3,24,"Blue Hill Bay, Isle au Haut, West"
75,BHBIHW,44.04588,-68.7281,1996,639,202.3,73,76.7,24,"Blue Hill Bay, Isle au Haut, West"
73,BHBIHW,44.04588,-68.7281,1997,577,117.3,30,9.4,24,"Blue Hill Bay, Isle au Haut, West"
63,BHBIHW,44.04588,-68.7281,1998,643,206.5,78,61.5,24,"Blue Hill Bay, Isle au Haut, West"
62,BHBIHW,44.04588,-68.7281,1999,657,205,78,63.8,24,"Blue Hill Bay, Isle au Haut, West"
55,BHBIHW,44.04588,-68.7281,2000,677,194.2,85,70.5,24,"Blue Hill Bay, Isle au Haut, West"
61,BHBIHW,44.04588,-68.7281,2001,656,77.1,178,25.8,24,"Blue Hill Bay, Isle au Haut, West"
70,BHBIHW,44.04588,-68.7281,2002,674,210.7,83,76.1,24,"Blue Hill Bay, Isle au Haut, West"
64,BHBIHW,44.04588,-68.7281,2003,691,225,87,78.8,24,"Blue Hill Bay, Isle au Haut, West"
72,BHBIHW,44.04588,-68.7281,2004,681,243.3,80,72.6,24,"Blue Hill Bay, Isle au Haut, West"
56,BHBIHW,44.04588,-68.7281,2005,690,237.2,82,76.3,24,"Blue Hill Bay, Isle au Haut, West"
57,BHBIHW,44.04588,-68.7281,2006,685,235.1,78,71.1,24,"Blue Hill Bay, Isle au Haut, West"
65,BHBIHW,44.04588,-68.7281,2007,680,237.8,78,70.1,24,"Blue Hill Bay, Isle au Haut, West"
54,BHBIHW,44.04588,-68.7281,2008,687,243,81,70.8,24,"Blue Hill Bay, Isle au Haut, West"
67,BHBIHW,44.04588,-68.7281,2009,685,232,77,70.8,24,"Blue Hill Bay, Isle au Haut, West"
71,BHBIHW,44.04588,-68.7281,2010,685,226.9,82,69.1,24,"Blue Hill Bay, Isle au Haut, West"
74,BHBIHW,44.04588,-68.7281,2011,689,210.9,83,69.3,24,"Blue Hill Bay, Isle au Haut, West"
77,BHBIHW,44.04588,-68.7281,2012,689,85.5,143,22.7,24,"Blue Hill Bay, Isle au Haut, West"
69,BHBIHW,44.04588,-68.7281,2013,695,208.2,85,73.4,24,"Blue Hill Bay, Isle au Haut, West"
60,BHBIHW,44.04588,-68.7281,2014,687,217.6,82,71.9,24,"Blue Hill Bay, Isle au Haut, West"
59,BHBIHW,44.04588,-68.7281,2015,695,226.2,82,73.6,24,"Blue Hill Bay, Isle au Haut, West"
68,BHBIHW,44.04588,-68.7281,2016,725,229.7,85,68,24,"Blue Hill Bay, Isle au Haut, West"
76,BHBIHW,44.04588,-68.7281,2017,730,218.1,88,75.5,24,"Blue Hill Bay, Isle au Haut, West"
78,BHBIHW,44.04588,-68.7281,2018,779,75.2,160,24.1,24,"Blue Hill Bay, Isle au Haut, West"
88,BHBMR,44.11274,-68.643808,1993,4725,933.5,798,66,9,"Blue Hill Bay, Merchants Row"
95,BHBMR,44.11274,-68.643808,1994,5003,1684,1197,1067.9,9,"Blue Hill Bay, Merchants Row"
92,BHBMR,44.11274,-68.643808,1995,5023,1775.6,1186,1093.2,9,"Blue Hill Bay, Merchants Row"
93,BHBMR,44.11274,-68.643808,1996,5082,1691.5,1206,920.8,9,"Blue Hill Bay, Merchants Row"
97,BHBMR,44.11274,-68.643808,1997,4839,986.8,1055,78.5,9,"Blue Hill Bay, Merchants Row"
98,BHBMR,44.11274,-68.643808,1998,5130,1556.3,1189,1029.8,9,"Blue Hill Bay, Merchants Row"
102,BHBMR,44.11274,-68.643808,1999,5323,1772.1,1189,1085,9,"Blue Hill Bay, Merchants Row"
81,BHBMR,44.11274,-68.643808,2000,5466,1676.8,1276,1035.7,9,"Blue Hill Bay, Merchants Row"
84,BHBMR,44.11274,-68.643808,2001,6459,821.9,1882,121.6,9,"Blue Hill Bay, Merchants Row"
100,BHBMR,44.11274,-68.643808,2002,5482,1674.6,1303,1002.3,9,"Blue Hill Bay, Merchants Row"
104,BHBMR,44.11274,-68.643808,2003,5290,1903.9,1240,1083.7,9,"Blue Hill Bay, Merchants Row"
101,BHBMR,44.11274,-68.643808,2004,5171,1800,1292,1038,9,"Blue Hill Bay, Merchants Row"
103,BHBMR,44.11274,-68.643808,2005,5171,1843.2,1260,1054.8,9,"Blue Hill Bay, Merchants Row"
80,BHBMR,44.11274,-68.643808,2006,5175,1809.1,1265,1034.6,9,"Blue Hill Bay, Merchants Row"
87,BHBMR,44.11274,-68.643808,2007,5105,1861.3,1222,1181.6,9,"Blue Hill Bay, Merchants Row"
83,BHBMR,44.11274,-68.643808,2008,5057,1761.9,1228,1126.2,9,"Blue Hill Bay, Merchants Row"
82,BHBMR,44.11274,-68.643808,2009,5108,1822.2,1258,1098.4,9,"Blue Hill Bay, Merchants Row"
86,BHBMR,44.11274,-68.643808,2010,5166,1723.7,1240,1062,9,"Blue Hill Bay, Merchants Row"
94,BHBMR,44.11274,-68.643808,2011,5225,1675.2,1281,1075.3,9,"Blue Hill Bay, Merchants Row"
89,BHBMR,44.11274,-68.643808,2012,5503,805.5,1781,114.8,9,"Blue Hill Bay, Merchants Row"
85,BHBMR,44.11274,-68.643808,2013,5289,1600.8,1222,991.8,9,"Blue Hill Bay, Merchants Row"
96,BHBMR,44.11274,-68.643808,2014,5122,1780.4,1206,1095.7,9,"Blue Hill Bay, Merchants Row"
79,BHBMR,44.11274,-68.643808,2015,4938,1729.3,1268,984.4,9,"Blue Hill Bay, Merchants Row"
91,BHBMR,44.11274,-68.643808,2016,4804,1677.9,1239,1001.6,9,"Blue Hill Bay, Merchants Row"
99,BHBMR,44.11274,-68.643808,2017,4447,1406.1,1193,974.5,9,"Blue Hill Bay, Merchants Row"
90,BHBMR,44.11274,-68.643808,2018,3739,529.4,925,70.9,9,"Blue Hill Bay, Merchants Row"
113,BHBSI,44.157026,-68.437266,1993,3061,530.3,763,62.5,8,"Blue Hill Bay, Swans Island"
112,BHBSI,44.157026,-68.437266,1994,2548,816.9,680,545.2,8,"Blue Hill Bay, Swans Island"
118,BHBSI,44.157026,-68.437266,1995,2354,773.8,669,658.8,8,"Blue Hill Bay, Swans Island"
122,BHBSI,44.157026,-68.437266,1996,2270,728.4,704,572,8,"Blue Hill Bay, Swans Island"
117,BHBSI,44.157026,-68.437266,1997,2257,411.3,598,52.8,8,"Blue Hill Bay, Swans Island"
128,BHBSI,44.157026,-68.437266,1998,2263,699.1,702,531.3,8,"Blue Hill Bay, Swans Island"
130,BHBSI,44.157026,-68.437266,1999,2280,777.3,707,587.5,8,"Blue Hill Bay, Swans Island"
114,BHBSI,44.157026,-68.437266,2000,2357,752.4,722,581.4,8,"Blue Hill Bay, Swans Island"
129,BHBSI,44.157026,-68.437266,2001,2637,313,1065,77.5,8,"Blue Hill Bay, Swans Island"
105,BHBSI,44.157026,-68.437266,2002,2355,713.9,730,612,8,"Blue Hill Bay, Swans Island"
116,BHBSI,44.157026,-68.437266,2003,2234,758.3,742,609.4,8,"Blue Hill Bay, Swans Island"
120,BHBSI,44.157026,-68.437266,2004,2179,791.5,688,546.7,8,"Blue Hill Bay, Swans Island"
124,BHBSI,44.157026,-68.437266,2005,2181,773.7,714,562.4,8,"Blue Hill Bay, Swans Island"
119,BHBSI,44.157026,-68.437266,2006,2196,731.9,702,562.4,8,"Blue Hill Bay, Swans Island"
123,BHBSI,44.157026,-68.437266,2007,2189,768.6,702,634.7,8,"Blue Hill Bay, Swans Island"
126,BHBSI,44.157026,-68.437266,2008,2220,827.7,702,604.8,8,"Blue Hill Bay, Swans Island"
108,BHBSI,44.157026,-68.437266,2009,2136,741.1,699,608.9,8,"Blue Hill Bay, Swans Island"
111,BHBSI,44.157026,-68.437266,2010,2092,701,650,530.9,8,"Blue Hill Bay, Swans Island"
110,BHBSI,44.157026,-68.437266,2011,1932,629.2,704,596.5,8,"Blue Hill Bay, Swans Island"
125,BHBSI,44.157026,-68.437266,2012,1633,220.7,593,52.8,8,"Blue Hill Bay, Swans Island"
127,BHBSI,44.157026,-68.437266,2013,1925,639.5,692,538,8,"Blue Hill Bay, Swans Island"
107,BHBSI,44.157026,-68.437266,2014,2061,693,708,620.9,8,"Blue Hill Bay, Swans Island"
121,BHBSI,44.157026,-68.437266,2015,2083,735.4,695,548.5,8,"Blue Hill Bay, Swans Island"
106,BHBSI,44.157026,-68.437266,2016,2090,733,678,566.4,8,"Blue Hill Bay, Swans Island"
109,BHBSI,44.157026,-68.437266,2017,2011,692,683,593.1,8,"Blue Hill Bay, Swans Island"
115,BHBSI,44.157026,-68.437266,2018,1769,268.1,573,50.7,8,"Blue Hill Bay, Swans Island"
140,BHBUP,44.3636,-68.477075,1993,2088,408.7,323,36.2,11,"Blue Hill Bay, Upper"
143,BHBUP,44.3636,-68.477075,1994,2178,741.1,562,502.4,11,"Blue Hill Bay, Upper"
137,BHBUP,44.3636,-68.477075,1995,2317,736.4,572,489.4,11,"Blue Hill Bay, Upper"
141,BHBUP,44.3636,-68.477075,1996,2361,786.3,602,486.2,11,"Blue Hill Bay, Upper"
150,BHBUP,44.3636,-68.477075,1997,2619,452.8,532,49.7,11,"Blue Hill Bay, Upper"
144,BHBUP,44.3636,-68.477075,1998,2390,783.1,577,485.6,11,"Blue Hill Bay, Upper"
148,BHBUP,44.3636,-68.477075,1999,2384,799,595,533.8,11,"Blue Hill Bay, Upper"
132,BHBUP,44.3636,-68.477075,2000,2437,751.4,639,481.2,11,"Blue Hill Bay, Upper"
138,BHBUP,44.3636,-68.477075,2001,2656,351.4,864,67.3,11,"Blue Hill Bay, Upper"
131,BHBUP,44.3636,-68.477075,2002,2394,717.3,615,499.4,11,"Blue Hill Bay, Upper"
142,BHBUP,44.3636,-68.477075,2003,2308,767,643,504.8,11,"Blue Hill Bay, Upper"
155,BHBUP,44.3636,-68.477075,2004,2278,795.1,582,533.9,11,"Blue Hill Bay, Upper"
154,BHBUP,44.3636,-68.477075,2005,2348,789.2,624,489.9,11,"Blue Hill Bay, Upper"
149,BHBUP,44.3636,-68.477075,2006,2266,814.5,618,512.5,11,"Blue Hill Bay, Upper"
153,BHBUP,44.3636,-68.477075,2007,2250,833.4,607,489.9,11,"Blue Hill Bay, Upper"
145,BHBUP,44.3636,-68.477075,2008,2252,815.7,622,651,11,"Blue Hill Bay, Upper"
136,BHBUP,44.3636,-68.477075,2009,2281,777.5,604,533.6,11,"Blue Hill Bay, Upper"
134,BHBUP,44.3636,-68.477075,2010,2311,722.6,587,560.4,11,"Blue Hill Bay, Upper"
151,BHBUP,44.3636,-68.477075,2011,2295,707.3,623,566.1,11,"Blue Hill Bay, Upper"
156,BHBUP,44.3636,-68.477075,2012,2301,194,908,71.2,11,"Blue Hill Bay, Upper"
146,BHBUP,44.3636,-68.477075,2013,2305,657.5,600,562.4,11,"Blue Hill Bay, Upper"
133,BHBUP,44.3636,-68.477075,2014,2230,731.4,610,528.8,11,"Blue Hill Bay, Upper"
135,BHBUP,44.3636,-68.477075,2015,2196,808.2,615,523.8,11,"Blue Hill Bay, Upper"
139,BHBUP,44.3636,-68.477075,2016,2182,742.4,608,522,11,"Blue Hill Bay, Upper"
147,BHBUP,44.3636,-68.477075,2017,2068,645,612,518.8,11,"Blue Hill Bay, Upper"
152,BHBUP,44.3636,-68.477075,2018,1790,210.7,573,52,11,"Blue Hill Bay, Upper"
168,BOSHB,43.786082,-69.694569,1993,5475,1075.6,228,28.7,14,Boothbay and Sheepscot Bay
171,BOSHB,43.786082,-69.694569,1994,6028,1874.6,390,343,14,Boothbay and Sheepscot Bay
157,BOSHB,43.786082,-69.694569,1995,6430,1905.1,420,351.3,14,Boothbay and Sheepscot Bay
162,BOSHB,43.786082,-69.694569,1996,6881,2201.7,411,381.2,14,Boothbay and Sheepscot Bay
170,BOSHB,43.786082,-69.694569,1997,8043,1389.8,428,43.3,14,Boothbay and Sheepscot Bay
177,BOSHB,43.786082,-69.694569,1998,7136,2162.9,408,370.4,14,Boothbay and Sheepscot Bay
180,BOSHB,43.786082,-69.694569,1999,7049,2343.8,413,392.3,14,Boothbay and Sheepscot Bay
163,BOSHB,43.786082,-69.694569,2000,7248,2343.3,435,362.9,14,Boothbay and Sheepscot Bay
166,BOSHB,43.786082,-69.694569,2001,8615,1286.8,765,62.6,14,Boothbay and Sheepscot Bay
165,BOSHB,43.786082,-69.694569,2002,7059,2314.9,445,377.8,14,Boothbay and Sheepscot Bay
164,BOSHB,43.786082,-69.694569,2003,6602,2295,413,374.2,14,Boothbay and Sheepscot Bay
172,BOSHB,43.786082,-69.694569,2004,6528,2314.5,419,368.7,14,Boothbay and Sheepscot Bay
175,BOSHB,43.786082,-69.694569,2005,6182,2217,413,373.2,14,Boothbay and Sheepscot Bay
179,BOSHB,43.786082,-69.694569,2006,6317,2303.5,418,346.1,14,Boothbay and Sheepscot Bay
182,BOSHB,43.786082,-69.694569,2007,6354,2292.7,425,410.8,14,Boothbay and Sheepscot Bay
173,BOSHB,43.786082,-69.694569,2008,6194,2150.2,416,368.2,14,Boothbay and Sheepscot Bay
176,BOSHB,43.786082,-69.694569,2009,6168,2270.7,420,356.1,14,Boothbay and Sheepscot Bay
158,BOSHB,43.786082,-69.694569,2010,6161,2284.1,403,383.7,14,Boothbay and Sheepscot Bay
161,BOSHB,43.786082,-69.694569,2011,6276,2292,419,376.2,14,Boothbay and Sheepscot Bay
174,BOSHB,43.786082,-69.694569,2012,6432,2190,400,349.7,14,Boothbay and Sheepscot Bay
181,BOSHB,43.786082,-69.694569,2013,6238,2145.7,408,383.8,14,Boothbay and Sheepscot Bay
169,BOSHB,43.786082,-69.694569,2014,6238,2245.6,418,353.9,14,Boothbay and Sheepscot Bay
178,BOSHB,43.786082,-69.694569,2015,6043,2218.2,412,364.9,14,Boothbay and Sheepscot Bay
160,BOSHB,43.786082,-69.694569,2016,5789,2093.5,429,404.9,14,Boothbay and Sheepscot Bay
159,BOSHB,43.786082,-69.694569,2017,5337,1805.6,398,342,14,Boothbay and Sheepscot Bay
167,BOSHB,43.786082,-69.694569,2018,4352,489,405,41.1,14,Boothbay and Sheepscot Bay
194,CASB,43.694198,-70.05698,1993,3439,623.2,308,34.8,13,Casco Bay
198,CASB,43.694198,-70.05698,1994,3232,990.2,533,482.7,13,Casco Bay
183,CASB,43.694198,-70.05698,1995,3257,1046.8,540,535.8,13,Casco Bay
192,CASB,43.694198,-70.05698,1996,3420,1051.6,521,522.3,13,Casco Bay
200,CASB,43.694198,-70.05698,1997,3886,665.9,490,47.3,13,Casco Bay
205,CASB,43.694198,-70.05698,1998,3442,1022.5,545,495,13,Casco Bay
208,CASB,43.694198,-70.05698,1999,3332,1106.6,555,447.8,13,Casco Bay
207,CASB,43.694198,-70.05698,2000,3405,1063.1,538,431,13,Casco Bay
189,CASB,43.694198,-70.05698,2001,3809,280.4,1072,79,13,Casco Bay
196,CASB,43.694198,-70.05698,2002,3343,1060.4,548,465.4,13,Casco Bay
187,CASB,43.694198,-70.05698,2003,3211,1065.9,568,495.6,13,Casco Bay
191,CASB,43.694198,-70.05698,2004,3164,1095.7,559,511.2,13,Casco Bay
204,CASB,43.694198,-70.05698,2005,3066,1087.4,563,499.9,13,Casco Bay
202,CASB,43.694198,-70.05698,2006,3054,1051.8,566,472.5,13,Casco Bay
206,CASB,43.694198,-70.05698,2007,3041,1068.4,548,448.3,13,Casco Bay
193,CASB,43.694198,-70.05698,2008,2998,1064.8,589,445.9,13,Casco Bay
201,CASB,43.694198,-70.05698,2009,2951,1023.5,528,456.4,13,Casco Bay
185,CASB,43.694198,-70.05698,2010,2707,994.8,564,465.5,13,Casco Bay
195,CASB,43.694198,-70.05698,2011,2475,829.2,545,465.2,13,Casco Bay
199,CASB,43.694198,-70.05698,2012,1733,253.6,632,54.1,13,Casco Bay
203,CASB,43.694198,-70.05698,2013,2415,821.3,522,470.8,13,Casco Bay
184,CASB,43.694198,-70.05698,2014,2798,948.6,563,492.6,13,Casco Bay
188,CASB,43.694198,-70.05698,2015,2935,1042.5,554,466.1,13,Casco Bay
190,CASB,43.694198,-70.05698,2016,2998,990.5,523,474,13,Casco Bay
186,CASB,43.694198,-70.05698,2017,2970,940.6,563,430.7,13,Casco Bay
197,CASB,43.694198,-70.05698,2018,3014,396.8,502,45.6,13,Casco Bay
210,CASBE,43.694198,-70.05698,1993,993,186.7,77,16.9,26,"Casco Bay, East"
218,CASBE,43.694198,-70.05698,1994,993,322.6,62,50.8,26,"Casco Bay, East"
213,CASBE,43.694198,-70.05698,1995,965,340.9,62,54.1,26,"Casco Bay, East"
221,CASBE,43.694198,-70.05698,1996,880,293.4,58,53.6,26,"Casco Bay, East"
233,CASBE,43.694198,-70.05698,1997,679,154.5,35,11,26,"Casco Bay, East"
211,CASBE,43.694198,-70.05698,1998,885,283.9,60,49.9,26,"Casco Bay, East"
219,CASBE,43.694198,-70.05698,1999,1013,331.5,65,54.9,26,"Casco Bay, East"
230,CASBE,43.694198,-70.05698,2000,1077,337.9,64,52.1,26,"Casco Bay, East"
223,CASBE,43.694198,-70.05698,2001,1318,147.5,120,20.5,26,"Casco Bay, East"
229,CASBE,43.694198,-70.05698,2002,1123,354,68,54.9,26,"Casco Bay, East"
212,CASBE,43.694198,-70.05698,2003,1091,342.1,67,57.4,26,"Casco Bay, East"
220,CASBE,43.694198,-70.05698,2004,1049,359.5,63,58.2,26,"Casco Bay, East"
232,CASBE,43.694198,-70.05698,2005,1039,345.9,63,55.3,26,"Casco Bay, East"
225,CASBE,43.694198,-70.05698,2006,1026,343.9,62,52.1,26,"Casco Bay, East"
231,CASBE,43.694198,-70.05698,2007,1021,358.6,65,50.9,26,"Casco Bay, East"
214,CASBE,43.694198,-70.05698,2008,1011,334.4,63,67.9,26,"Casco Bay, East"
217,CASBE,43.694198,-70.05698,2009,998,347.9,58,67.4,26,"Casco Bay, East"
228,CASBE,43.694198,-70.05698,2010,956,342.7,62,56.1,26,"Casco Bay, East"
227,CASBE,43.694198,-70.05698,2011,892,280.2,63,55.9,26,"Casco Bay, East"
226,CASBE,43.694198,-70.05698,2012,720,91.4,65,14.8,26,"Casco Bay, East"
215,CASBE,43.694198,-70.05698,2013,898,297.4,62,52.3,26,"Casco Bay, East"
224,CASBE,43.694198,-70.05698,2014,972,318.2,62,48.3,26,"Casco Bay, East"
234,CASBE,43.694198,-70.05698,2015,995,348.5,60,56.6,26,"Casco Bay, East"
222,CASBE,43.694198,-70.05698,2016,1076,351.7,58,54.9,26,"Casco Bay, East"
209,CASBE,43.694198,-70.05698,2017,1184,354.2,58,54.7,26,"Casco Bay, East"
216,CASBE,43.694198,-70.05698,2018,1492,143.3,43,12.2,26,"Casco Bay, East"
241,CELPT,43.494525,-70.332115,1993,2375,521,50,12.7,12,Cape Elizabeth to Isle of Shoals
252,CELPT,43.494525,-70.332115,1994,2894,1016.7,88,78.6,12,Cape Elizabeth to Isle of Shoals
239,CELPT,43.494525,-70.332115,1995,3123,1096.4,88,81.1,12,Cape Elizabeth to Isle of Shoals
248,CELPT,43.494525,-70.332115,1996,3285,1118.1,92,86.4,12,Cape Elizabeth to Isle of Shoals
254,CELPT,43.494525,-70.332115,1997,3812,696.4,87,17.7,12,Cape Elizabeth to Isle of Shoals
235,CELPT,43.494525,-70.332115,1998,3402,1163.4,97,76.8,12,Cape Elizabeth to Isle of Shoals
244,CELPT,43.494525,-70.332115,1999,3379,1085.6,100,77.2,12,Cape Elizabeth to Isle of Shoals
255,CELPT,43.494525,-70.332115,2000,3342,1051.6,97,74.3,12,Cape Elizabeth to Isle of Shoals
259,CELPT,43.494525,-70.332115,2001,3599,641.9,162,25.1,12,Cape Elizabeth to Isle of Shoals
260,CELPT,43.494525,-70.332115,2002,3282,1142.6,93,83,12,Cape Elizabeth to Isle of Shoals
240,CELPT,43.494525,-70.332115,2003,3284,1194.6,92,83.6,12,Cape Elizabeth to Isle of Shoals
245,CELPT,43.494525,-70.332115,2004,3246,1243.7,94,82.6,12,Cape Elizabeth to Isle of Shoals
243,CELPT,43.494525,-70.332115,2005,3209,1237,93,88.3,12,Cape Elizabeth to Isle of Shoals
251,CELPT,43.494525,-70.332115,2006,3166,1196.2,95,81.5,12,Cape Elizabeth to Isle of Shoals
258,CELPT,43.494525,-70.332115,2007,3224,1250.3,92,80,12,Cape Elizabeth to Isle of Shoals
249,CELPT,43.494525,-70.332115,2008,3169,1188.9,92,91.1,12,Cape Elizabeth to Isle of Shoals
247,CELPT,43.494525,-70.332115,2009,3126,1251.4,90,88.6,12,Cape Elizabeth to Isle of Shoals
250,CELPT,43.494525,-70.332115,2010,3121,1283.8,97,84.1,12,Cape Elizabeth to Isle of Shoals
238,CELPT,43.494525,-70.332115,2011,3104,1211.5,88,82.8,12,Cape Elizabeth to Isle of Shoals
246,CELPT,43.494525,-70.332115,2012,3096,1161.8,92,88.1,12,Cape Elizabeth to Isle of Shoals
257,CELPT,43.494525,-70.332115,2013,3122,1218.2,92,92.9,12,Cape Elizabeth to Isle of Shoals
253,CELPT,43.494525,-70.332115,2014,3166,1184.5,92,80,12,Cape Elizabeth to Isle of Shoals
256,CELPT,43.494525,-70.332115,2015,3163,1206.8,95,96.6,12,Cape Elizabeth to Isle of Shoals
242,CELPT,43.494525,-70.332115,2016,3112,1105.9,92,86.9,12,Cape Elizabeth to Isle of Shoals
237,CELPT,43.494525,-70.332115,2017,3054,1041.1,97,76.3,12,Cape Elizabeth to Isle of Shoals
236,CELPT,43.494525,-70.332115,2018,2989,564.6,107,19.5,12,Cape Elizabeth to Isle of Shoals
268,COBSB,44.903597,-67.088753,1993,400,100,63,14.7,1,Cobscook Bay
280,COBSB,44.903597,-67.088753,1994,481,174.2,92,90.9,1,Cobscook Bay
283,COBSB,44.903597,-67.088753,1995,498,179.9,102,81.1,1,Cobscook Bay
264,COBSB,44.903597,-67.088753,1996,500,186.1,97,89.5,1,Cobscook Bay
276,COBSB,44.903597,-67.088753,1997,459,109.1,95,18.6,1,Cobscook Bay
261,COBSB,44.903597,-67.088753,1998,523,188.2,98,81,1,Cobscook Bay
266,COBSB,44.903597,-67.088753,1999,575,205.4,103,87,1,Cobscook Bay
274,COBSB,44.903597,-67.088753,2000,620,213.8,100,87.5,1,Cobscook Bay
278,COBSB,44.903597,-67.088753,2001,785,134.5,160,24.1,1,Cobscook Bay
286,COBSB,44.903597,-67.088753,2002,641,223.7,104,93.3,1,Cobscook Bay
271,COBSB,44.903597,-67.088753,2003,580,226.1,107,93.5,1,Cobscook Bay
279,COBSB,44.903597,-67.088753,2004,554,233.7,103,84,1,Cobscook Bay
269,COBSB,44.903597,-67.088753,2005,559,231.6,102,92,1,Cobscook Bay
272,COBSB,44.903597,-67.088753,2006,555,229.8,102,87.8,1,Cobscook Bay
284,COBSB,44.903597,-67.088753,2007,552,215.6,100,87.8,1,Cobscook Bay
273,COBSB,44.903597,-67.088753,2008,539,208.9,103,95.5,1,Cobscook Bay
282,COBSB,44.903597,-67.088753,2009,548,227.3,98,103.3,1,Cobscook Bay
281,COBSB,44.903597,-67.088753,2010,541,226.6,102,96.1,1,Cobscook Bay
265,COBSB,44.903597,-67.088753,2011,546,226.2,102,99.1,1,Cobscook Bay
262,COBSB,44.903597,-67.088753,2012,538,217,98,87.5,1,Cobscook Bay
267,COBSB,44.903597,-67.088753,2013,539,221.3,98,88.3,1,Cobscook Bay
275,COBSB,44.903597,-67.088753,2014,536,209.9,98,90.6,1,Cobscook Bay
285,COBSB,44.903597,-67.088753,2015,548,217.2,102,81.2,1,Cobscook Bay
277,COBSB,44.903597,-67.088753,2016,532,212.1,95,97.9,1,Cobscook Bay
263,COBSB,44.903597,-67.088753,2017,552,198.9,97,86.8,1,Cobscook Bay
270,COBSB,44.903597,-67.088753,2018,569,139.6,100,18.6,1,Cobscook Bay
309,EB,44.5009,-67.5558,1993,2544,474.3,513,48.4,4,Eastern Bay
299,EB,44.5009,-67.5558,1994,2558,745.9,818,739.2,4,Eastern Bay
297,EB,44.5009,-67.5558,1995,2620,824.6,812,693.6,4,Eastern Bay
292,EB,44.5009,-67.5558,1996,2728,814.9,841,788.7,4,Eastern Bay
288,EB,44.5009,-67.5558,1997,3008,524.6,993,75.3,4,Eastern Bay
296,EB,44.5009,-67.5558,1998,2695,806.9,876,724.9,4,Eastern Bay
304,EB,44.5009,-67.5558,1999,2580,781,875,780.1,4,Eastern Bay
303,EB,44.5009,-67.5558,2000,2520,722,881,639.4,4,Eastern Bay
307,EB,44.5009,-67.5558,2001,2389,180.3,946,72.2,4,Eastern Bay
310,EB,44.5009,-67.5558,2002,2451,717.7,856,664.1,4,Eastern Bay
294,EB,44.5009,-67.5558,2003,2424,866.8,884,776.2,4,Eastern Bay
305,EB,44.5009,-67.5558,2004,2471,896.3,885,717.8,4,Eastern Bay
295,EB,44.5009,-67.5558,2005,2496,822,860,756,4,Eastern Bay
301,EB,44.5009,-67.5558,2006,2521,868.7,903,744.1,4,Eastern Bay
312,EB,44.5009,-67.5558,2007,2485,899.7,894,818.3,4,Eastern Bay
311,EB,44.5009,-67.5558,2008,2507,896.2,861,761.3,4,Eastern Bay
308,EB,44.5009,-67.5558,2009,2539,856.2,852,660.9,4,Eastern Bay
293,EB,44.5009,-67.5558,2010,2475,858.7,869,757,4,Eastern Bay
300,EB,44.5009,-67.5558,2011,2519,790.7,869,792.6,4,Eastern Bay
289,EB,44.5009,-67.5558,2012,2500,294.4,1198,85.1,4,Eastern Bay
291,EB,44.5009,-67.5558,2013,2515,744.4,873,758.7,4,Eastern Bay
298,EB,44.5009,-67.5558,2014,2497,797.2,839,721.5,4,Eastern Bay
302,EB,44.5009,-67.5558,2015,2522,814.9,859,718.7,4,Eastern Bay
306,EB,44.5009,-67.5558,2016,2424,813.9,853,769.9,4,Eastern Bay
287,EB,44.5009,-67.5558,2017,2384,704.1,891,718.3,4,Eastern Bay
290,EB,44.5009,-67.5558,2018,2227,211.5,737,61.4,4,Eastern Bay
321,ENGB,44.586107,-67.464022,1993,775,152.4,128,22.2,3,Englishmans Bay
320,ENGB,44.586107,-67.464022,1994,768,253,157,146.4,3,Englishmans Bay
329,ENGB,44.586107,-67.464022,1995,758,259.4,167,153.4,3,Englishmans Bay
333,ENGB,44.586107,-67.464022,1996,737,238,170,164.2,3,Englishmans Bay
338,ENGB,44.586107,-67.464022,1997,685,143.7,185,27,3,Englishmans Bay
313,ENGB,44.586107,-67.464022,1998,713,234.6,170,152.2,3,Englishmans Bay
315,ENGB,44.586107,-67.464022,1999,709,241.1,168,162,3,Englishmans Bay
332,ENGB,44.586107,-67.464022,2000,672,221.3,165,146.1,3,Englishmans Bay
322,ENGB,44.586107,-67.464022,2001,564,81.9,142,21.8,3,Englishmans Bay
335,ENGB,44.586107,-67.464022,2002,675,231.6,162,125.7,3,Englishmans Bay
334,ENGB,44.586107,-67.464022,2003,707,242,170,145.6,3,Englishmans Bay
318,ENGB,44.586107,-67.464022,2004,734,272.9,168,167.4,3,Englishmans Bay
319,ENGB,44.586107,-67.464022,2005,755,276.4,171,160.7,3,Englishmans Bay
317,ENGB,44.586107,-67.464022,2006,757,281.7,168,148.6,3,Englishmans Bay
314,ENGB,44.586107,-67.464022,2007,760,281.3,170,148.4,3,Englishmans Bay
328,ENGB,44.586107,-67.464022,2008,759,276.6,173,160.1,3,Englishmans Bay
327,ENGB,44.586107,-67.464022,2009,754,280,177,140.3,3,Englishmans Bay
331,ENGB,44.586107,-67.464022,2010,762,291.6,182,158.1,3,Englishmans Bay
336,ENGB,44.586107,-67.464022,2011,774,288.6,163,147.2,3,Englishmans Bay
316,ENGB,44.586107,-67.464022,2012,759,286.4,170,161.7,3,Englishmans Bay
324,ENGB,44.586107,-67.464022,2013,780,278.9,172,160.5,3,Englishmans Bay
330,ENGB,44.586107,-67.464022,2014,766,276.5,162,145.4,3,Englishmans Bay
325,ENGB,44.586107,-67.464022,2015,782,292.2,165,144.4,3,Englishmans Bay
337,ENGB,44.586107,-67.464022,2016,787,271.8,170,153.4,3,Englishmans Bay
323,ENGB,44.586107,-67.464022,2017,839,276.5,177,157.1,3,Englishmans Bay
326,ENGB,44.586107,-67.464022,2018,1042,129.1,257,32.2,3,Englishmans Bay
341,FBMDI,44.432192,-68.201836,1993,2336,453.5,238,29.5,7,Frenchman Bay and Mount Desert Island
358,FBMDI,44.432192,-68.201836,1994,2584,783,377,327,7,Frenchman Bay and Mount Desert Island
359,FBMDI,44.432192,-68.201836,1995,2701,855,393,355.3,7,Frenchman Bay and Mount Desert Island
364,FBMDI,44.432192,-68.201836,1996,2839,834.2,393,345.7,7,Frenchman Bay and Mount Desert Island
356,FBMDI,44.432192,-68.201836,1997,3016,523.9,320,36.7,7,Frenchman Bay and Mount Desert Island
343,FBMDI,44.432192,-68.201836,1998,2930,860.8,408,399.8,7,Frenchman Bay and Mount Desert Island
342,FBMDI,44.432192,-68.201836,1999,2993,978.5,412,324.4,7,Frenchman Bay and Mount Desert Island
344,FBMDI,44.432192,-68.201836,2000,3098,901.2,407,352.5,7,Frenchman Bay and Mount Desert Island
348,FBMDI,44.432192,-68.201836,2001,3593,337.5,812,67.3,7,Frenchman Bay and Mount Desert Island
352,FBMDI,44.432192,-68.201836,2002,3107,899.6,430,364.1,7,Frenchman Bay and Mount Desert Island
351,FBMDI,44.432192,-68.201836,2003,2876,939.6,400,373.5,7,Frenchman Bay and Mount Desert Island
345,FBMDI,44.432192,-68.201836,2004,2770,908.1,409,373.7,7,Frenchman Bay and Mount Desert Island
340,FBMDI,44.432192,-68.201836,2005,2749,916.4,407,331.7,7,Frenchman Bay and Mount Desert Island
347,FBMDI,44.432192,-68.201836,2006,2711,950.1,407,328.1,7,Frenchman Bay and Mount Desert Island
346,FBMDI,44.432192,-68.201836,2007,2707,981.4,410,369.4,7,Frenchman Bay and Mount Desert Island
350,FBMDI,44.432192,-68.201836,2008,2674,954,416,356.1,7,Frenchman Bay and Mount Desert Island
362,FBMDI,44.432192,-68.201836,2009,2682,939.8,404,330.6,7,Frenchman Bay and Mount Desert Island
363,FBMDI,44.432192,-68.201836,2010,2648,864.8,405,322.1,7,Frenchman Bay and Mount Desert Island
361,FBMDI,44.432192,-68.201836,2011,2541,742.6,439,366.8,7,Frenchman Bay and Mount Desert Island
354,FBMDI,44.432192,-68.201836,2012,2298,223,539,49.3,7,Frenchman Bay and Mount Desert Island
339,FBMDI,44.432192,-68.201836,2013,2558,839.3,422,357.4,7,Frenchman Bay and Mount Desert Island
349,FBMDI,44.432192,-68.201836,2014,2649,881.6,412,349.9,7,Frenchman Bay and Mount Desert Island
353,FBMDI,44.432192,-68.201836,2015,2656,866.8,413,333.3,7,Frenchman Bay and Mount Desert Island
357,FBMDI,44.432192,-68.201836,2016,2664,851.3,402,320.3,7,Frenchman Bay and Mount Desert Island
360,FBMDI,44.432192,-68.201836,2017,2665,759.7,407,388.2,7,Frenchman Bay and Mount Desert Island
355,FBMDI,44.432192,-68.201836,2018,2603,196.6,375,38.7,7,Frenchman Bay and Mount Desert Island
373,MACHB,44.647611,-67.34088,1993,2110,441.5,393,40.3,2,Machias Bay
372,MACHB,44.647611,-67.34088,1994,2366,787.7,502,451.2,2,Machias Bay
379,MACHB,44.647611,-67.34088,1995,2452,816.7,504,453.7,2,Machias Bay
378,MACHB,44.647611,-67.34088,1996,2413,795.9,535,432.4,2,Machias Bay
382,MACHB,44.647611,-67.34088,1997,2290,464.5,523,50,2,Machias Bay
383,MACHB,44.647611,-67.34088,1998,2497,798,528,436.1,2,Machias Bay
368,MACHB,44.647611,-67.34088,1999,2460,855,511,432.2,2,Machias Bay
380,MACHB,44.647611,-67.34088,2000,2539,842.4,529,444.7,2,Machias Bay
365,MACHB,44.647611,-67.34088,2001,2570,327.2,672,56.5,2,Machias Bay
376,MACHB,44.647611,-67.34088,2002,2524,807.6,524,456.2,2,Machias Bay
388,MACHB,44.647611,-67.34088,2003,2566,890,517,408.9,2,Machias Bay
390,MACHB,44.647611,-67.34088,2004,2625,906.1,542,442.8,2,Machias Bay
389,MACHB,44.647611,-67.34088,2005,2554,964.4,538,441.1,2,Machias Bay
384,MACHB,44.647611,-67.34088,2006,2568,988.9,508,420.9,2,Machias Bay
375,MACHB,44.647611,-67.34088,2007,2512,925,527,411.1,2,Machias Bay
370,MACHB,44.647611,-67.34088,2008,2563,926.8,527,475.5,2,Machias Bay
381,MACHB,44.647611,-67.34088,2009,2530,901.9,533,427.9,2,Machias Bay
385,MACHB,44.647611,-67.34088,2010,2559,890.3,538,440.3,2,Machias Bay
387,MACHB,44.647611,-67.34088,2011,2521,835.2,523,483,2,Machias Bay
374,MACHB,44.647611,-67.34088,2012,2526,443.8,572,52.2,2,Machias Bay
369,MACHB,44.647611,-67.34088,2013,2522,814.3,532,414.5,2,Machias Bay
366,MACHB,44.647611,-67.34088,2014,2656,918.2,535,588.6,2,Machias Bay
367,MACHB,44.647611,-67.34088,2015,2647,903.2,518,450.2,2,Machias Bay
371,MACHB,44.647611,-67.34088,2016,2658,945.6,518,456.5,2,Machias Bay
377,MACHB,44.647611,-67.34088,2017,2813,930.2,523,408.5,2,Machias Bay
386,MACHB,44.647611,-67.34088,2018,3320,517.6,495,47.3,2,Machias Bay
394,MUSCB,43.898663,-69.404108,1993,4448,824.9,426,44.5,16,Muscongus Bay
411,MUSCB,43.898663,-69.404108,1994,4600,1475.2,710,668.4,16,Muscongus Bay
414,MUSCB,43.898663,-69.404108,1995,4507,1434,718,658.6,16,Muscongus Bay
413,MUSCB,43.898663,-69.404108,1996,4456,1380,697,601.3,16,Muscongus Bay
416,MUSCB,43.898663,-69.404108,1997,4027,786.2,343,38,16,Muscongus Bay
398,MUSCB,43.898663,-69.404108,1998,4489,1429,723,686.4,16,Muscongus Bay
397,MUSCB,43.898663,-69.404108,1999,4904,1641.1,724,652.4,16,Muscongus Bay
403,MUSCB,43.898663,-69.404108,2000,5472,1785.5,766,695.2,16,Muscongus Bay
406,MUSCB,43.898663,-69.404108,2001,6954,1264.3,1392,97.2,16,Muscongus Bay
405,MUSCB,43.898663,-69.404108,2002,5471,1769.4,798,699.7,16,Muscongus Bay
412,MUSCB,43.898663,-69.404108,2003,5035,1845.4,776,658.2,16,Muscongus Bay
396,MUSCB,43.898663,-69.404108,2004,4812,1767.1,716,656.2,16,Muscongus Bay
407,MUSCB,43.898663,-69.404108,2005,4849,1711.9,766,667.9,16,Muscongus Bay
410,MUSCB,43.898663,-69.404108,2006,4720,1680.4,738,635.7,16,Muscongus Bay
395,MUSCB,43.898663,-69.404108,2007,4677,1663.2,781,695.7,16,Muscongus Bay
402,MUSCB,43.898663,-69.404108,2008,4661,1594.1,758,682,16,Muscongus Bay
399,MUSCB,43.898663,-69.404108,2009,4525,1535.7,772,696.3,16,Muscongus Bay
408,MUSCB,43.898663,-69.404108,2010,4475,1450.6,742,690.4,16,Muscongus Bay
401,MUSCB,43.898663,-69.404108,2011,4146,1305.9,773,606.2,16,Muscongus Bay
409,MUSCB,43.898663,-69.404108,2012,3361,283.5,1130,83.8,16,Muscongus Bay
404,MUSCB,43.898663,-69.404108,2013,4056,1291.1,801,683.9,16,Muscongus Bay
391,MUSCB,43.898663,-69.404108,2014,4392,1577.6,764,706.3,16,Muscongus Bay
393,MUSCB,43.898663,-69.404108,2015,4619,1547.4,785,656.1,16,Muscongus Bay
392,MUSCB,43.898663,-69.404108,2016,4780,1566.6,764,770.4,16,Muscongus Bay
400,MUSCB,43.898663,-69.404108,2017,4920,1544.2,767,645.9,16,Muscongus Bay
415,MUSCB,43.898663,-69.404108,2018,5395,730.2,1103,80.5,16,Muscongus Bay
423,OUTIS,43.866667,-68.8333,1993,3932,625.9,162,23.8,17,Outer Islands
435,OUTIS,43.866667,-68.8333,1994,2641,840.9,100,83.5,17,Outer Islands
434,OUTIS,43.866667,-68.8333,1995,2283,752,97,98.6,17,Outer Islands
432,OUTIS,43.866667,-68.8333,1996,1961,688.4,93,80.6,17,Outer Islands
441,OUTIS,43.866667,-68.8333,1997,1485,350.2,56,13.8,17,Outer Islands
427,OUTIS,43.866667,-68.8333,1998,1946,678.4,93,84.5,17,Outer Islands
419,OUTIS,43.866667,-68.8333,1999,2168,759.2,100,85.1,17,Outer Islands
421,OUTIS,43.866667,-68.8333,2000,2479,790.4,100,89.8,17,Outer Islands
425,OUTIS,43.866667,-68.8333,2001,3018,445.9,195,27.5,17,Outer Islands
433,OUTIS,43.866667,-68.8333,2002,2534,806.6,100,85,17,Outer Islands
437,OUTIS,43.866667,-68.8333,2003,2403,841.1,100,89.5,17,Outer Islands
428,OUTIS,43.866667,-68.8333,2004,2285,828.3,98,82.3,17,Outer Islands
436,OUTIS,43.866667,-68.8333,2005,2268,812.3,97,89.8,17,Outer Islands
429,OUTIS,43.866667,-68.8333,2006,2231,844.7,95,93.8,17,Outer Islands
424,OUTIS,43.866667,-68.8333,2007,2270,790.4,93,85.6,17,Outer Islands
426,OUTIS,43.866667,-68.8333,2008,2222,814.4,97,97.1,17,Outer Islands
431,OUTIS,43.866667,-68.8333,2009,2249,841.6,95,85,17,Outer Islands
439,OUTIS,43.866667,-68.8333,2010,2199,836.5,95,83,17,Outer Islands
438,OUTIS,43.866667,-68.8333,2011,2200,834.9,98,79.1,17,Outer Islands
422,OUTIS,43.866667,-68.8333,2012,2210,826.5,92,89.1,17,Outer Islands
430,OUTIS,43.866667,-68.8333,2013,2207,843.9,97,82.8,17,Outer Islands
417,OUTIS,43.866667,-68.8333,2014,2152,782.9,93,75.6,17,Outer Islands
418,OUTIS,43.866667,-68.8333,2015,2125,797,92,84,17,Outer Islands
420,OUTIS,43.866667,-68.8333,2016,2025,719.7,90,87.4,17,Outer Islands
440,OUTIS,43.866667,-68.8333,2017,1830,648.1,92,84.8,17,Outer Islands
442,OUTIS,43.866667,-68.8333,2018,1383,232,50,13.4,17,Outer Islands
456,PBEA,44.185332,-68.753603,1993,3851,703.7,553,50.6,18,"Penobscot Bay, Eastern"
464,PBEA,44.185332,-68.753603,1994,3982,1267.2,1007,945.4,18,"Penobscot Bay, Eastern"
457,PBEA,44.185332,-68.753603,1995,3935,1269.3,1007,856.1,18,"Penobscot Bay, Eastern"
459,PBEA,44.185332,-68.753603,1996,3786,1194.1,1080,979.7,18,"Penobscot Bay, Eastern"
468,PBEA,44.185332,-68.753603,1997,3548,671.6,947,71.8,18,"Penobscot Bay, Eastern"
449,PBEA,44.185332,-68.753603,1998,3746,1126.6,1089,944.5,18,"Penobscot Bay, Eastern"
443,PBEA,44.185332,-68.753603,1999,3869,1291.3,1049,1014.6,18,"Penobscot Bay, Eastern"
450,PBEA,44.185332,-68.753603,2000,4118,1138.5,1062,979,18,"Penobscot Bay, Eastern"
452,PBEA,44.185332,-68.753603,2001,4386,426.7,1485,99.1,18,"Penobscot Bay, Eastern"
460,PBEA,44.185332,-68.753603,2002,4165,1259.2,1090,907,18,"Penobscot Bay, Eastern"
467,PBEA,44.185332,-68.753603,2003,4011,1334,1105,945.2,18,"Penobscot Bay, Eastern"
461,PBEA,44.185332,-68.753603,2004,3873,1363.5,1098,972.3,18,"Penobscot Bay, Eastern"
466,PBEA,44.185332,-68.753603,2005,3975,1322.4,1045,952.5,18,"Penobscot Bay, Eastern"
444,PBEA,44.185332,-68.753603,2006,3913,1328.9,1064,1081.7,18,"Penobscot Bay, Eastern"
451,PBEA,44.185332,-68.753603,2007,3959,1361.2,1082,992.4,18,"Penobscot Bay, Eastern"
448,PBEA,44.185332,-68.753603,2008,3943,1408.5,1087,1109.2,18,"Penobscot Bay, Eastern"
446,PBEA,44.185332,-68.753603,2009,3777,1318.6,1087,1021.5,18,"Penobscot Bay, Eastern"
463,PBEA,44.185332,-68.753603,2010,3823,1302.2,1087,948.6,18,"Penobscot Bay, Eastern"
465,PBEA,44.185332,-68.753603,2011,3637,1167.4,1076,896.3,18,"Penobscot Bay, Eastern"
455,PBEA,44.185332,-68.753603,2012,3406,624.4,1242,87.3,18,"Penobscot Bay, Eastern"
454,PBEA,44.185332,-68.753603,2013,3733,1150.3,1076,881.4,18,"Penobscot Bay, Eastern"
445,PBEA,44.185332,-68.753603,2014,3809,1209.5,1099,901.6,18,"Penobscot Bay, Eastern"
453,PBEA,44.185332,-68.753603,2015,3837,1299.8,1078,937.4,18,"Penobscot Bay, Eastern"
447,PBEA,44.185332,-68.753603,2016,3856,1290.2,1062,947.4,18,"Penobscot Bay, Eastern"
458,PBEA,44.185332,-68.753603,2017,3947,1226.1,1105,913.7,18,"Penobscot Bay, Eastern"
462,PBEA,44.185332,-68.753603,2018,4111,460.5,1580,105.5,18,"Penobscot Bay, Eastern"
481,PBMC,44.020669,-69.096673,1993,3318,602.2,543,50,22,"Penobscot Bay, Muscle Channel"
493,PBMC,44.020669,-69.096673,1994,2955,948.4,530,399.5,22,"Penobscot Bay, Muscle Channel"
490,PBMC,44.020669,-69.096673,1995,2777,938.4,509,472.8,22,"Penobscot Bay, Muscle Channel"
475,PBMC,44.020669,-69.096673,1996,2553,829.4,513,431.9,22,"Penobscot Bay, Muscle Channel"
487,PBMC,44.020669,-69.096673,1997,2021,440.2,323,35.5,22,"Penobscot Bay, Muscle Channel"
473,PBMC,44.020669,-69.096673,1998,2539,843.7,511,418.7,22,"Penobscot Bay, Muscle Channel"
482,PBMC,44.020669,-69.096673,1999,2858,1029,531,448.9,22,"Penobscot Bay, Muscle Channel"
494,PBMC,44.020669,-69.096673,2000,3188,1033.3,537,432.3,22,"Penobscot Bay, Muscle Channel"
492,PBMC,44.020669,-69.096673,2001,4097,579.9,898,71,22,"Penobscot Bay, Muscle Channel"
491,PBMC,44.020669,-69.096673,2002,3254,1072.3,562,459.1,22,"Penobscot Bay, Muscle Channel"
476,PBMC,44.020669,-69.096673,2003,3085,1090,558,471.3,22,"Penobscot Bay, Muscle Channel"
486,PBMC,44.020669,-69.096673,2004,3017,1095.7,558,545.5,22,"Penobscot Bay, Muscle Channel"
485,PBMC,44.020669,-69.096673,2005,2887,1037.5,515,535.4,22,"Penobscot Bay, Muscle Channel"
483,PBMC,44.020669,-69.096673,2006,2853,1062.1,547,450.1,22,"Penobscot Bay, Muscle Channel"
471,PBMC,44.020669,-69.096673,2007,2839,1075,548,456.4,22,"Penobscot Bay, Muscle Channel"
480,PBMC,44.020669,-69.096673,2008,2827,1054.1,546,456.9,22,"Penobscot Bay, Muscle Channel"
477,PBMC,44.020669,-69.096673,2009,2830,1023.4,542,456.6,22,"Penobscot Bay, Muscle Channel"
489,PBMC,44.020669,-69.096673,2010,2878,1017.8,558,490.6,22,"Penobscot Bay, Muscle Channel"
474,PBMC,44.020669,-69.096673,2011,2884,943,587,461.4,22,"Penobscot Bay, Muscle Channel"
469,PBMC,44.020669,-69.096673,2012,3061,412.2,977,74.1,22,"Penobscot Bay, Muscle Channel"
484,PBMC,44.020669,-69.096673,2013,2889,887.4,554,431.7,22,"Penobscot Bay, Muscle Channel"
472,PBMC,44.020669,-69.096673,2014,2763,935.8,540,454.1,22,"Penobscot Bay, Muscle Channel"
479,PBMC,44.020669,-69.096673,2015,2761,969.9,534,420.3,22,"Penobscot Bay, Muscle Channel"
478,PBMC,44.020669,-69.096673,2016,2703,931.5,541,441.4,22,"Penobscot Bay, Muscle Channel"
470,PBMC,44.020669,-69.096673,2017,2428,853.8,515,507.8,22,"Penobscot Bay, Muscle Channel"
488,PBMC,44.020669,-69.096673,2018,2039,403.2,252,32.1,22,"Penobscot Bay, Muscle Channel"
508,PBMW,44.235614,-68.992938,1993,2248,423.1,268,33.4,21,"Penobscot Bay, Midwest"
507,PBMW,44.235614,-68.992938,1994,2165,698.2,388,342.3,21,"Penobscot Bay, Midwest"
503,PBMW,44.235614,-68.992938,1995,2112,721.3,393,385.3,21,"Penobscot Bay, Midwest"
500,PBMW,44.235614,-68.992938,1996,2086,654,375,334.5,21,"Penobscot Bay, Midwest"
504,PBMW,44.235614,-68.992938,1997,1903,384.5,195,27.7,21,"Penobscot Bay, Midwest"
512,PBMW,44.235614,-68.992938,1998,2063,656.9,393,342.9,21,"Penobscot Bay, Midwest"
519,PBMW,44.235614,-68.992938,1999,2242,775.4,417,349.7,21,"Penobscot Bay, Midwest"
518,PBMW,44.235614,-68.992938,2000,2473,751.2,425,378.9,21,"Penobscot Bay, Midwest"
506,PBMW,44.235614,-68.992938,2001,3090,381.3,819,65.6,21,"Penobscot Bay, Midwest"
517,PBMW,44.235614,-68.992938,2002,2454,754.6,415,330.1,21,"Penobscot Bay, Midwest"
502,PBMW,44.235614,-68.992938,2003,2279,815.6,438,351.6,21,"Penobscot Bay, Midwest"
513,PBMW,44.235614,-68.992938,2004,2180,830.2,425,351.9,21,"Penobscot Bay, Midwest"
520,PBMW,44.235614,-68.992938,2005,2153,837.2,415,335.1,21,"Penobscot Bay, Midwest"
511,PBMW,44.235614,-68.992938,2006,2127,806.8,401,366.5,21,"Penobscot Bay, Midwest"
495,PBMW,44.235614,-68.992938,2007,2132,765.2,435,386.1,21,"Penobscot Bay, Midwest"
497,PBMW,44.235614,-68.992938,2008,2061,754.2,413,411.3,21,"Penobscot Bay, Midwest"
516,PBMW,44.235614,-68.992938,2009,2031,746.2,396,357.8,21,"Penobscot Bay, Midwest"
515,PBMW,44.235614,-68.992938,2010,1935,684.4,417,339.6,21,"Penobscot Bay, Midwest"
514,PBMW,44.235614,-68.992938,2011,1772,582.5,418,298.9,21,"Penobscot Bay, Midwest"
499,PBMW,44.235614,-68.992938,2012,1384,216.9,417,42.9,21,"Penobscot Bay, Midwest"
510,PBMW,44.235614,-68.992938,2013,1799,616.7,403,377.7,21,"Penobscot Bay, Midwest"
496,PBMW,44.235614,-68.992938,2014,1982,687.8,410,364.9,21,"Penobscot Bay, Midwest"
501,PBMW,44.235614,-68.992938,2015,2068,761.9,427,329.6,21,"Penobscot Bay, Midwest"
509,PBMW,44.235614,-68.992938,2016,2139,715.5,432,383.4,21,"Penobscot Bay, Midwest"
498,PBMW,44.235614,-68.992938,2017,2182,740.3,412,393.2,21,"Penobscot Bay, Midwest"
505,PBMW,44.235614,-68.992938,2018,2293,438.5,614,53.9,21,"Penobscot Bay, Midwest"
545,PBUP,44.414417,-68.873462,1993,428,109.6,30,9.8,20,"Penobscot Bay, Upper Bay"
535,PBUP,44.414417,-68.873462,1994,548,201.3,42,42.5,20,"Penobscot Bay, Upper Bay"
544,PBUP,44.414417,-68.873462,1995,590,209.4,40,41.4,20,"Penobscot Bay, Upper Bay"
521,PBUP,44.414417,-68.873462,1996,608,203.7,40,43.4,20,"Penobscot Bay, Upper Bay"
526,PBUP,44.414417,-68.873462,1997,596,116.7,15,7,20,"Penobscot Bay, Upper Bay"
538,PBUP,44.414417,-68.873462,1998,638,209.4,43,40.6,20,"Penobscot Bay, Upper Bay"
537,PBUP,44.414417,-68.873462,1999,677,223.5,45,44.6,20,"Penobscot Bay, Upper Bay"
541,PBUP,44.414417,-68.873462,2000,733,222.1,47,44.7,20,"Penobscot Bay, Upper Bay"
523,PBUP,44.414417,-68.873462,2001,898,83.2,160,24.1,20,"Penobscot Bay, Upper Bay"
530,PBUP,44.414417,-68.873462,2002,721,228.3,47,45.6,20,"Penobscot Bay, Upper Bay"
524,PBUP,44.414417,-68.873462,2003,652,245.5,47,48.2,20,"Penobscot Bay, Upper Bay"
539,PBUP,44.414417,-68.873462,2004,648,248,45,44.1,20,"Penobscot Bay, Upper Bay"
546,PBUP,44.414417,-68.873462,2005,638,236.5,45,44.7,20,"Penobscot Bay, Upper Bay"
536,PBUP,44.414417,-68.873462,2006,627,235.5,45,41.1,20,"Penobscot Bay, Upper Bay"
534,PBUP,44.414417,-68.873462,2007,623,244.5,45,44.4,20,"Penobscot Bay, Upper Bay"
528,PBUP,44.414417,-68.873462,2008,625,241.1,48,41.4,20,"Penobscot Bay, Upper Bay"
543,PBUP,44.414417,-68.873462,2009,639,235.2,43,39.6,20,"Penobscot Bay, Upper Bay"
542,PBUP,44.414417,-68.873462,2010,643,235.1,43,43.2,20,"Penobscot Bay, Upper Bay"
531,PBUP,44.414417,-68.873462,2011,648,241.1,43,42.1,20,"Penobscot Bay, Upper Bay"
525,PBUP,44.414417,-68.873462,2012,657,242.3,43,41.4,20,"Penobscot Bay, Upper Bay"
533,PBUP,44.414417,-68.873462,2013,634,250.6,45,43.9,20,"Penobscot Bay, Upper Bay"
522,PBUP,44.414417,-68.873462,2014,648,241.6,42,42,20,"Penobscot Bay, Upper Bay"
527,PBUP,44.414417,-68.873462,2015,643,234.1,47,39.9,20,"Penobscot Bay, Upper Bay"
540,PBUP,44.414417,-68.873462,2016,657,234.7,45,41.1,20,"Penobscot Bay, Upper Bay"
529,PBUP,44.414417,-68.873462,2017,658,224.3,47,43.6,20,"Penobscot Bay, Upper Bay"
532,PBUP,44.414417,-68.873462,2018,700,119.3,50,13.1,20,"Penobscot Bay, Upper Bay"
567,PBVL,44.061201,-68.850116,1993,1024,220.1,108,19.2,19,"Penobscot Bay, Vinalhaven"
547,PBVL,44.061201,-68.850116,1994,1040,324.7,197,191.7,19,"Penobscot Bay, Vinalhaven"
556,PBVL,44.061201,-68.850116,1995,1026,350.1,198,170.6,19,"Penobscot Bay, Vinalhaven"
551,PBVL,44.061201,-68.850116,1996,975,308.7,205,176.9,19,"Penobscot Bay, Vinalhaven"
557,PBVL,44.061201,-68.850116,1997,866,186.9,160,24.1,19,"Penobscot Bay, Vinalhaven"
565,PBVL,44.061201,-68.850116,1998,1002,339.2,198,154.8,19,"Penobscot Bay, Vinalhaven"
563,PBVL,44.061201,-68.850116,1999,1070,355.4,200,160.5,19,"Penobscot Bay, Vinalhaven"
572,PBVL,44.061201,-68.850116,2000,1124,339.4,203,176.8,19,"Penobscot Bay, Vinalhaven"
562,PBVL,44.061201,-68.850116,2001,1227,128.5,245,30.7,19,"Penobscot Bay, Vinalhaven"
549,PBVL,44.061201,-68.850116,2002,1130,341.9,212,178.1,19,"Penobscot Bay, Vinalhaven"
568,PBVL,44.061201,-68.850116,2003,1093,365.6,217,192.5,19,"Penobscot Bay, Vinalhaven"
553,PBVL,44.061201,-68.850116,2004,1090,380,212,173.8,19,"Penobscot Bay, Vinalhaven"
564,PBVL,44.061201,-68.850116,2005,1083,393.3,207,189.6,19,"Penobscot Bay, Vinalhaven"
570,PBVL,44.061201,-68.850116,2006,1102,398.1,208,180.8,19,"Penobscot Bay, Vinalhaven"
566,PBVL,44.061201,-68.850116,2007,1077,382.1,210,175.1,19,"Penobscot Bay, Vinalhaven"
571,PBVL,44.061201,-68.850116,2008,1056,373.5,214,192.1,19,"Penobscot Bay, Vinalhaven"
561,PBVL,44.061201,-68.850116,2009,1039,367.8,209,185.3,19,"Penobscot Bay, Vinalhaven"
569,PBVL,44.061201,-68.850116,2010,1035,375.9,220,172.2,19,"Penobscot Bay, Vinalhaven"
548,PBVL,44.061201,-68.850116,2011,996,335.1,206,165.8,19,"Penobscot Bay, Vinalhaven"
552,PBVL,44.061201,-68.850116,2012,856,134.5,300,34.7,19,"Penobscot Bay, Vinalhaven"
559,PBVL,44.061201,-68.850116,2013,985,324,218,194.1,19,"Penobscot Bay, Vinalhaven"
560,PBVL,44.061201,-68.850116,2014,1039,347.5,212,161.7,19,"Penobscot Bay, Vinalhaven"
554,PBVL,44.061201,-68.850116,2015,1062,377.2,210,179.5,19,"Penobscot Bay, Vinalhaven"
550,PBVL,44.061201,-68.850116,2016,1140,382.5,212,185.1,19,"Penobscot Bay, Vinalhaven"
555,PBVL,44.061201,-68.850116,2017,1226,356.9,225,203,19,"Penobscot Bay, Vinalhaven"
558,PBVL,44.061201,-68.850116,2018,1475,176,298,34.3,19,"Penobscot Bay, Vinalhaven"
585,PBVLW,44.061201,-68.850116,1993,405,76.4,63,14.2,25,"Penobscot Bay, Vinalhaven,West"
577,PBVLW,44.061201,-68.850116,1994,359,119.3,48,39.6,25,"Penobscot Bay, Vinalhaven,West"
583,PBVLW,44.061201,-68.850116,1995,352,119.3,45,44.7,25,"Penobscot Bay, Vinalhaven,West"
594,PBVLW,44.061201,-68.850116,1996,338,108.8,47,36.9,25,"Penobscot Bay, Vinalhaven,West"
573,PBVLW,44.061201,-68.850116,1997,333,70.1,57,14.1,25,"Penobscot Bay, Vinalhaven,West"
587,PBVLW,44.061201,-68.850116,1998,339,107.7,45,36.1,25,"Penobscot Bay, Vinalhaven,West"
579,PBVLW,44.061201,-68.850116,1999,341,111.1,45,40.7,25,"Penobscot Bay, Vinalhaven,West"
591,PBVLW,44.061201,-68.850116,2000,349,110.5,43,43.9,25,"Penobscot Bay, Vinalhaven,West"
584,PBVLW,44.061201,-68.850116,2001,367,51.3,23,8.9,25,"Penobscot Bay, Vinalhaven,West"
575,PBVLW,44.061201,-68.850116,2002,343,108.5,43,40.2,25,"Penobscot Bay, Vinalhaven,West"
588,PBVLW,44.061201,-68.850116,2003,334,115.8,43,39.4,25,"Penobscot Bay, Vinalhaven,West"
581,PBVLW,44.061201,-68.850116,2004,336,113.8,45,41.6,25,"Penobscot Bay, Vinalhaven,West"
593,PBVLW,44.061201,-68.850116,2005,335,116.6,43,42.2,25,"Penobscot Bay, Vinalhaven,West"
597,PBVLW,44.061201,-68.850116,2006,334,116.7,47,39.9,25,"Penobscot Bay, Vinalhaven,West"
578,PBVLW,44.061201,-68.850116,2007,333,118,47,38.6,25,"Penobscot Bay, Vinalhaven,West"
590,PBVLW,44.061201,-68.850116,2008,329,121.2,47,39.6,25,"Penobscot Bay, Vinalhaven,West"
576,PBVLW,44.061201,-68.850116,2009,320,118.3,47,38.1,25,"Penobscot Bay, Vinalhaven,West"
589,PBVLW,44.061201,-68.850116,2010,300,110,45,40.2,25,"Penobscot Bay, Vinalhaven,West"
596,PBVLW,44.061201,-68.850116,2011,267,95.2,47,42.2,25,"Penobscot Bay, Vinalhaven,West"
580,PBVLW,44.061201,-68.850116,2012,187,37.2,42,11.2,25,"Penobscot Bay, Vinalhaven,West"
592,PBVLW,44.061201,-68.850116,2013,272,95.7,43,37.9,25,"Penobscot Bay, Vinalhaven,West"
586,PBVLW,44.061201,-68.850116,2014,307,105,43,40.4,25,"Penobscot Bay, Vinalhaven,West"
595,PBVLW,44.061201,-68.850116,2015,323,118,45,40.6,25,"Penobscot Bay, Vinalhaven,West"
598,PBVLW,44.061201,-68.850116,2016,343,116.1,44,40.6,25,"Penobscot Bay, Vinalhaven,West"
582,PBVLW,44.061201,-68.850116,2017,367,113.7,47,41.4,25,"Penobscot Bay, Vinalhaven,West"
574,PBVLW,44.061201,-68.850116,2018,451,67.5,48,12.9,25,"Penobscot Bay, Vinalhaven,West"
617,PNDB,44.505104,-67.799217,1993,2766,549.2,380,40.9,6,"Pleasant, Narguagus, Denny Bays"
623,PNDB,44.505104,-67.799217,1994,2875,908.9,459,445.2,6,"Pleasant, Narguagus, Denny Bays"
619,PNDB,44.505104,-67.799217,1995,2793,893.3,495,491.9,6,"Pleasant, Narguagus, Denny Bays"
621,PNDB,44.505104,-67.799217,1996,2823,909,467,411.1,6,"Pleasant, Narguagus, Denny Bays"
602,PNDB,44.505104,-67.799217,1997,2921,559.9,443,44.5,6,"Pleasant, Narguagus, Denny Bays"
605,PNDB,44.505104,-67.799217,1998,2861,932.6,472,403.6,6,"Pleasant, Narguagus, Denny Bays"
609,PNDB,44.505104,-67.799217,1999,2866,945.8,487,435,6,"Pleasant, Narguagus, Denny Bays"
613,PNDB,44.505104,-67.799217,2000,2849,861.1,528,411.3,6,"Pleasant, Narguagus, Denny Bays"
620,PNDB,44.505104,-67.799217,2001,2854,279.4,733,60.3,6,"Pleasant, Narguagus, Denny Bays"
607,PNDB,44.505104,-67.799217,2002,2862,862.2,492,407.2,6,"Pleasant, Narguagus, Denny Bays"
618,PNDB,44.505104,-67.799217,2003,2796,946.4,473,685.7,6,"Pleasant, Narguagus, Denny Bays"
599,PNDB,44.505104,-67.799217,2004,2805,963.9,485,397.9,6,"Pleasant, Narguagus, Denny Bays"
601,PNDB,44.505104,-67.799217,2005,2867,934.6,475,446.1,6,"Pleasant, Narguagus, Denny Bays"
608,PNDB,44.505104,-67.799217,2006,2781,1022.3,489,503.6,6,"Pleasant, Narguagus, Denny Bays"
611,PNDB,44.505104,-67.799217,2007,2837,1000.3,502,438.2,6,"Pleasant, Narguagus, Denny Bays"
615,PNDB,44.505104,-67.799217,2008,2902,1012.2,483,410.7,6,"Pleasant, Narguagus, Denny Bays"
610,PNDB,44.505104,-67.799217,2009,2869,1072.1,508,461.3,6,"Pleasant, Narguagus, Denny Bays"
600,PNDB,44.505104,-67.799217,2010,2852,1035.6,490,434.5,6,"Pleasant, Narguagus, Denny Bays"
603,PNDB,44.505104,-67.799217,2011,2800,1034.8,497,400.1,6,"Pleasant, Narguagus, Denny Bays"
606,PNDB,44.505104,-67.799217,2012,2810,1024.9,480,445.3,6,"Pleasant, Narguagus, Denny Bays"
614,PNDB,44.505104,-67.799217,2013,2818,977.6,480,413.7,6,"Pleasant, Narguagus, Denny Bays"
622,PNDB,44.505104,-67.799217,2014,2817,1012.6,497,412.2,6,"Pleasant, Narguagus, Denny Bays"
612,PNDB,44.505104,-67.799217,2015,2784,1001,502,444.7,6,"Pleasant, Narguagus, Denny Bays"
624,PNDB,44.505104,-67.799217,2016,2777,959,502,416.7,6,"Pleasant, Narguagus, Denny Bays"
616,PNDB,44.505104,-67.799217,2017,2728,870.7,487,434.1,6,"Pleasant, Narguagus, Denny Bays"
604,PNDB,44.505104,-67.799217,2018,2611,286.3,480,46.4,6,"Pleasant, Narguagus, Denny Bays"
647,WB,44.48311,-67.6672,1993,2441,415.6,558,52,5,Western Bay
645,WB,44.48311,-67.6672,1994,2438,756.1,667,548.8,5,Western Bay
648,WB,44.48311,-67.6672,1995,2471,772.2,674,609,5,Western Bay
631,WB,44.48311,-67.6672,1996,2495,797.4,697,587.8,5,Western Bay
638,WB,44.48311,-67.6672,1997,2699,464.9,693,59.2,5,Western Bay
627,WB,44.48311,-67.6672,1998,2470,746.5,728,586.4,5,Western Bay
635,WB,44.48311,-67.6672,1999,2410,749.9,727,628.1,5,Western Bay
639,WB,44.48311,-67.6672,2000,2385,701.4,708,593.2,5,Western Bay
646,WB,44.48311,-67.6672,2001,2353,149.6,1057,77.5,5,Western Bay
644,WB,44.48311,-67.6672,2002,2325,652.4,729,578.9,5,Western Bay
633,WB,44.48311,-67.6672,2003,2352,770.5,693,581.8,5,Western Bay
625,WB,44.48311,-67.6672,2004,2289,810.6,722,625.5,5,Western Bay
626,WB,44.48311,-67.6672,2005,2337,789.4,708,600,5,Western Bay
642,WB,44.48311,-67.6672,2006,2317,851.9,688,610.6,5,Western Bay
637,WB,44.48311,-67.6672,2007,2339,819.3,702,598.5,5,Western Bay
649,WB,44.48311,-67.6672,2008,2292,835.7,707,635.6,5,Western Bay
650,WB,44.48311,-67.6672,2009,2313,826.9,676,680.6,5,Western Bay
636,WB,44.48311,-67.6672,2010,2310,812.6,716,629.1,5,Western Bay
630,WB,44.48311,-67.6672,2011,2338,813.4,694,599.9,5,Western Bay
629,WB,44.48311,-67.6672,2012,2320,854.7,678,611.5,5,Western Bay
634,WB,44.48311,-67.6672,2013,2346,795.8,677,592.1,5,Western Bay
632,WB,44.48311,-67.6672,2014,2325,800.2,693,595.6,5,Western Bay
640,WB,44.48311,-67.6672,2015,2265,767.6,691,561.2,5,Western Bay
643,WB,44.48311,-67.6672,2016,2232,726.9,697,596.5,5,Western Bay
641,WB,44.48311,-67.6672,2017,2120,657.8,700,596.3,5,Western Bay
628,WB,44.48311,-67.6672,2018,1885,155.7,562,51.1,5,Western Bay
