"POINTNUM","BAYNUM","POINTNAME","LAT","LON"
139,5,"Alpha 1",44.47735189,-67.62454427
299,8,"Alpha 2",44.19111735,-68.44385579
331,9,"Andrews Island",44.14502333,-68.69981333
74,3,"Anguilla Island",44.56602,-67.47262333
845,19,"Arey Ledges",44.02049967,-68.83358561
300,8,"Asa Island",44.19025472,-68.45304362
255,7,"Ash Island",44.47439,-68.14454
945,22,"Ash Island Ledge",44.034445,-69.073055
846,19,"Babbidge Island Ledges",44.13788333,-68.78291667
1,1,"Baileys Mistake",44.761845,-67.05747
2,1,"Baileys Mistake Ledge",44.75913833,-67.05658833
618,14,"Bald Head Ledge",43.69854667,-69.85344167
185,6,"Bald Rock",44.4,-67.951
256,7,"Bald Rock 1",44.42168,-68.20888667
278,7,"Bald Rock Ledge",44.41661667,-68.21541667
75,3,"Ballast Island Rock",44.561125,-67.55024333
555,26,"Ballastone Ledge",43.77214333,-69.923445
774,18,"Bar Island",44.26716667,-68.714185
,18,"Bar Island 1",,
673,16,"Bar Island 2",43.91901667,-69.29516667
140,5,"Bar Island Ledge",44.50804833,-67.69904333
43,2,"Bar Island Ledge",44.64513333,-67.36741667
187,6,"Bar Ledge",44.39,-67.889
332,9,"Bare Island Rocks",44.13602667,-68.635775
775,18,"Barred Island",44.26675,-68.83268333
776,18,"Barred Island 2",44.23706667,-68.8036
777,18,"Barred Island Ledge 1",44.2273,-68.8114
778,18,"Barred Island Ledge 1 South",44.22378333,-68.8122
333,9,"Barter Island Ledge",44.11904667,-68.63418
847,25,"Barton Island Ledge",44.06743333,-68.86828333
188,6,"Barton Ledge",44.524,-67.767
544,13,"Basket Island",43.734305,-70.16454333
141,5,"Batson Island Ledge",44.47201667,-67.66451667
505,12,"Batson River Ledge",43.352925,-70.428735
97,4,"Bay Island 4 Rock",44.532,-67.552
334,9,"Bay Ledge 1",44.09100333,-68.658455
335,9,"Bay Ledge 2",44.14177167,-68.69864167
336,9,"Bay Ledge 3",44.14890167,-68.69323667
98,4,"Bay Ledge 4",44.536,-67.547
99,4,"Bay Ledge 4 Rock",44.53463167,-67.55135167
189,6,"Bay Ledge 5",44.41358333,-67.8862
506,12,"Bayview Rock",43.48765,-70.38244667
779,18,"Beach Island",44.25941667,-68.821
100,4,"Beals Harbor Ledge",44.51439167,-67.55125
338,9,"Bear Island Ledge 1",44.22388167,-68.59011167
780,18,"Bear Island Ledge 2",44.21493333,-68.82408333
781,18,"Bear Island Ledge 3",44.21816667,-68.83318333
782,18,"Bear Island Rock",44.219825,-68.81739167
279,7,"Bear Island Rock",44.28545,-68.26701667
337,9,"Bear Island South",44.21871,-68.58991667
339,9,"Beta 1",44.181555,-68.57273
190,6,"Beta 2",44.53499833,-67.778
507,12,"Bibb Rock",43.27769333,-70.55532167
142,5,"Bickford Point Ledge",44.530705,-67.67820167
508,12,"Biddeford Place",43.49,-70.439
509,12,"Biddeford Pool Rock 1 and 2",43.44305,-70.33639333
191,6,"Big Black Ledge",44.37,-67.984
417,24,"Big Brewster",44.00873667,-68.66485167
143,5,"Big Nash Island",44.46465,-67.73608333
3,1,"Birch Island 1",44.87273833,-67.149785
783,18,"Birch Island 2",44.30011667,-68.74891667
556,13,"Birch Island 3",43.825415,-70.01118167
192,6,"Birch Island 4 C",44.53129069,-67.76444092
557,26,"Birch Island Ledge",43.81988167,-70.017635
946,22,"Birch Island Rock",44.00968333,-69.05961667
4,1,"Birch Point 1",44.91525,-67.06708167
44,2,"Birch Point 2",44.6746,-67.37868333
475,11,"Bird Rock",44.40713333,-68.49174833
477,11,"Black Island 3 Ledge",44.38201833,-68.39349833
101,4,"Black Island 5 Ledge",44.49472167,-67.54058
280,7,"Black Island Ledge",44.18421667,-68.35483333
418,24,"Black Ledge 1",44.006645,-68.66464833
848,19,"Black Ledge 3",44.13235,-68.7974
193,6,"Black Ledge 4",44.43916667,-67.81078333
45,2,"Black Ledge 8",44.63095,-67.23755
102,4,"Black Ledges",44.46661333,-67.547725
784,18,"Black Ledges",44.28706667,-68.81363333
301,8,"Black North",44.20721436,-68.46103516
674,16,"Black Rock 1",43.89978333,-69.25773333
558,13,"Black Rock 2",43.80328,-70.00721
144,5,"Black Rock 3",44.43736667,-67.71225
476,11,"Black Rock 6",44.41519,-68.48833833
739,17,"Black Rock 7",43.88048333,-69.14696667
619,14,"Black Rocks 4",43.76095333,-69.721565
740,17,"Black Rocks 5",43.859,-68.909
302,8,"Black West",44.20161133,-68.47142741
419,10,"Blackhorse",44.02655,-68.57533333
559,13,"Blacksnake Ledge",43.73747167,-69.94081167
474,11,"Blue Hill Bay 1",44.39950333,-68.56039167
478,11,"Blue Hill Harbor",44.39821,-68.56139333
510,12,"Bluff Island",43.50813833,-70.32062167
5,1,"Bog Brook Cove Ledge",44.71001,-67.113745
194,6,"Bois Bubert Island Ledge",44.43116667,-67.87503333
620,14,"Bold Dick",43.718615,-69.81432333
340,9,"Bold Island Ledges",44.15977,-68.61389167
195,6,"Bonney Chess Ledge",44.4066,-67.92338333
76,3,"Bonney Point",44.56379,-67.53353333
77,3,"Bonney Point Rock",44.562565,-67.529
511,12,"Boon Island",43.12116333,-70.47478
621,14,"Boston Island Ledge",43.84724167,-69.68075333
341,9,"Boulders",44.21375333,-68.55245
78,3,"Boundary Ledge",44.59394167,-67.50504167
420,23,"Boxam Ledge",44.099105,-68.51529167
785,18,"Bradbury Rocks",44.25555,-68.75391667
560,26,"Bragdon Rock",43.85012167,-69.87332333
561,13,"Branning Ledge",43.80249,-70.02527667
562,13,"Brant Ledges",43.802775,-70.00126167
563,13,"Brant Ledges 2",43.79839333,-70.00800833
675,16,"Bremen Long Island Ledge",43.97708333,-69.39666667
930,21,"Brewster Point Ledge",44.13248291,-69.07120768
741,17,"Brig Ledge 1",43.81798333,-68.87911667
103,4,"Brim Cove Ledge",44.48672333,-67.54672
421,23,"Brimstone Island 1",44.11004667,-68.46803333
849,19,"Brimstone Island 2",44.01371667,-68.77381667
676,16,"Broad Cove",44.02318333,-69.40205
6,1,"Broad Cove Ledge",44.84422667,-67.14674833
677,16,"Broad Cove Ledge",44.0262,-69.39508333
564,13,"Broken Cove",43.69896167,-70.06725333
46,2,"Brothers 2",44.5568,-67.4383
342,9,"Brown Cow 1",44.12197667,-68.72692833
145,5,"Browney Island",44.464,-67.62141667
146,5,"Browney Island Ledge",44.464,-67.62766667
850,19,"Browns Ledge",44.086,-68.777
786,18,"Buck Island",44.3136,-68.78213333
787,18,"Buck Island Ledge",44.31395,-68.78735
303,8,"Buckle Harbor",44.1809082,-68.4708252
304,8,"Buckle Island Ledge",44.17688395,-68.4795166
851,19,"Buffalo Ledge",44.00435,-68.77791667
742,17,"Bull Cove Ledge",43.81863333,-68.88338333
622,14,"Bull Ledge",43.83607667,-69.69886833
512,12,"Bumpkin Island",43.34443333,-70.44864833
79,3,"Bunker Hole Ledge",44.55356833,-67.50806
196,6,"Bunker Ledges",44.531,-67.775
7,1,"Burnt Island 1 North and South",44.90545667,-67.17317667
852,18,"Burnt Island Ledges",44.18868815,-68.82023926
343,9,"Burnt Ledge",44.09845833,-68.60750333
479,11,"Burnt Point Ledge",44.37647333,-68.47157333
257,7,"Burying Island Ledge",44.546945,-68.266015
565,26,"Bushy Island Rock",43.81908333,-69.859025
566,13,"Bustins Ledge",43.79336,-70.06576333
788,18,"Butter Island",44.22428333,-68.7967
853,19,"Calderwood Point Ledge",44.119,-68.848
104,4,"Calf Island",44.490975,-67.55970833
105,4,"Calf Island Ledge",44.49003833,-67.556185
743,17,"Camp Cove Rock",43.82873333,-68.88298333
513,12,"Camp Ellis Rock",43.46694,-70.37457667
947,22,"Camp Island Ledge 1",44.00743333,-69.04471667
106,4,"Cape Cove Ledge",44.46344,-67.56524667
47,2,"Cape Wash Island Ledge",44.62438333,-67.25076667
8,1,"Carlos Cove North",44.85304,-67.11412333
9,1,"Carlos Cove South",44.84773333,-67.10868667
197,6,"Carrying Place Cove Ledge",44.54236167,-67.7752
147,5,"Carrying Place Island",44.5185,-67.69551667
623,14,"Castle Island Ledge",43.88857,-69.74245667
624,14,"Cat Ledges",43.80465833,-69.683935
567,26,"Cedar Ledges 1",43.74395,-69.95034167
568,26,"Cedar Ledges 2",43.79306667,-69.88622167
48,2,"Chance Island",44.65253333,-67.32855
49,2,"Chance Island Rock",44.64678333,-67.33146667
344,9,"Channel Rock 1",44.108105,-68.60140833
854,19,"Channel Rock 2",44.01355,-68.81985
789,18,"Channel Rock 3",44.2132,-68.8124
345,9,"Channel Rock 5",44.103785,-68.68333333
790,18,"Channel Rock Rock",44.21723333,-68.808
198,6,"Chitman Point Ledge",44.455,-67.87635
346,9,"Clam Island 1",44.161495,-68.59510833
948,22,"Clam Ledge 1",43.99956667,-69.0798
855,19,"Clam Ledge 3",44.0461,-68.79116667
545,13,"Clapboard Island and Ledges",43.71213833,-70.19491333
949,22,"Clark Cove",43.9868,-69.16998333
347,9,"Colby Ledge",44.12314833,-68.59291167
791,18,"Colt Head Island",44.26063333,-68.84088333
792,18,"Colt Head Island Ledge",44.25928333,-68.83728333
793,18,"Compass Island",44.214,-68.86518333
794,18,"Compass Island Ledge",44.21723333,-68.86128333
349,9,"Conary Ledge",44.18831333,-68.56254
480,11,"Conary Nub",44.40979333,-68.498975
350,9,"Coombs Island Rock",44.142,-68.62548833
678,16,"Coombs Ledge",43.95305,-69.41738333
50,2,"Cottage Cove Ledge",44.6891,-67.35513333
679,16,"Cow Island Ledge 1",43.96241667,-69.39795
481,11,"Cow and Calf Ledge",44.28548667,-68.49566167
856,25,"Crane Island Ledge",44.05,-68.899
950,22,"Crescent Island",44.02288333,-69.03591667
857,25,"Cross Island Ledge",44.12506917,-68.90646159
680,16,"Crotch Island 3",43.96916667,-69.4113
681,16,"Crotch Island Ledge 1",43.96690667,-69.32454333
351,9,"Crotch Island Ledge 2",44.141715,-68.68464333
352,9,"Crow Island",44.19882833,-68.55223
569,13,"Crow Island 12",43.730135,-70.10248167
305,8,"Crow Island 2",44.18809814,-68.43666178
795,18,"Crow Island 6",44.24641667,-68.73871667
306,8,"Crow Island Ledge 2",44.18637288,-68.43416341
796,18,"Crow Island Ledge 6",44.24778333,-68.74611667
951,22,"Crow Island Ledges",43.95723333,-69.09853333
107,4,"Crow Point",44.49739167,-67.55044333
148,5,"Curlew Rock",44.4408,-67.60631667
858,19,"Dagger Island",44.18243333,-68.8048
860,19,"Dagger Island Ledge",44.18703333,-68.8058
859,19,"Dagger Island Rock",44.18293457,-68.81234538
625,14,"Damariscove Island",43.75259667,-69.618555
482,11,"Darling Ledge",44.400655,-68.52246167
483,11,"Darling Rock",44.39662667,-68.518645
861,19,"Deadman Ledge",44.02583822,-68.87587077
862,25,"Deadman Ledge 2",44.02375488,-68.87505697
51,2,"Deer Island",44.63633333,-67.23025
353,9,"Devil Island",44.14977167,-68.60960333
682,16,"Devils Back",43.89639833,-69.40293833
952,22,"Dix Harbor Ledge",44.00281667,-69.0699
953,22,"Dix Island Ledge",44.00334,-69.063575
863,25,"Dogfish Ledge",44.08754476,-68.92325846
570,26,"Dogs Head",43.79767333,-69.95192833
52,2,"Double Headshot Island (pre)",44.60601667,-67.2645
53,2,"Double Headshot Island A",44.60601667,-67.2645
54,2,"Double Headshot Island B",44.6091,-67.26336667
80,3,"Doubleshot Island and Ledges",44.56220667,-67.481885
199,6,"Douglas Island",44.44723333,-67.8496
200,6,"Douglas Island Ledge North",44.45508333,-67.85221667
864,19,"Downfall Island",44.18005,-68.8056
149,5,"Doyle Island",44.52865333,-67.65726333
150,5,"Drisco Ledge 1",44.47958333,-67.67045
151,5,"Drown Boys Ledge",44.44750167,-67.633805
281,7,"Drum Island",44.1609904,-68.32866211
422,24,"Drunkard Ledge 1",44.07721,-68.54426333
865,25,"Drunkards Ledge",44.10216667,-68.95335
201,6,"Dry Ledge 3",44.524,-67.816
202,6,"Dry Ledge 4",44.522,-67.815
571,26,"Dry Ledges 1",43.757975,-69.87163167
683,16,"Dry Ledges 2",43.8701,-69.30265
423,23,"Dry Money Ledge",44.13185667,-68.36742333
424,24,"Duck Harbor Ledge",44.03267833,-68.66694333
514,12,"Duck Island",43.006075,-70.60315833
152,5,"Duck Ledges",44.50661167,-67.67467833
572,26,"Duck Rock 1",43.76941333,-69.920565
744,17,"Duck Rock 2",43.77628333,-69.32735
745,17,"Duck Rock 3",43.77678333,-69.32475
797,18,"Dunham Point Rock",44.22326667,-68.73463333
81,3,"Dunn Island",44.61422167,-67.55145333
203,6,"Dyer Point Ledge",44.40818333,-67.93715
308,8,"Eagle Island 1",44.21174316,-68.45883789
515,12,"Eagle Island 2",43.47937,-70.361125
798,18,"Eagle Island Inner",44.219,-68.78
309,8,"Eagle Island Ledge 1",44.21303304,-68.45214844
799,18,"Eagle Island Ledge 3",44.219,-68.787
684,16,"Eagle Island and Ledges  3",43.92858333,-69.30145
484,11,"East Barge Ledge",44.23124667,-68.44046167
746,17,"East Black Ledge",43.86008333,-68.86256667
82,3,"East Black Rock",44.53974667,-67.48591333
573,26,"East Brown Cow",43.70795833,-69.89059167
282,7,"East Bunker Ledge",44.28158773,-68.21838786
931,21,"East Goose Rocks",44.18336667,-68.97963333
307,8,"East Johns Ledge",44.19909261,-68.4777181
108,4,"East Nipple",44.52800667,-67.56423667
427,23,"East Sister Island",44.13941167,-68.36832667
485,11,"East Surry Ledge",44.484355,-68.454915
747,17,"Eastern Duck Rock",43.77816667,-69.31111667
425,10,"Eastern Ear Island",44.01147833,-68.605705
426,10,"Eastern Ear Ledge",44.01558833,-68.6066
204,6,"Eastern Island",44.40501667,-67.93545
354,9,"Eastern Mark Island and Ledges",44.16703333,-68.57753167
516,12,"Eastern Rocks",43.00275833,-70.60074833
800,18,"Eaton Island Rock",44.27083333,-68.73153333
10,1,"Edgecomb Point Ledge",44.87831167,-67.07618833
297,9,"Egg Rock 1",44.18507833,-68.50909
258,7,"Egg Rock 2",44.35026,-68.14062167
866,25,"Egg Rock 3",44.19070231,-68.8857666
205,6,"Egg Rock 4",44.40595,-67.86726667
153,5,"Egg Rock 5",44.43617757,-67.63279622
355,9,"Enchanted Island",44.13876167,-68.57992333
574,26,"Ewin Narrows Ledge",43.82110167,-69.95014667
11,1,"Falls Island",44.87930167,-67.12702167
40,2,"Fan Island Ledge",44.60616833,-67.429935
356,9,"Farrel Island",44.124515,-68.68812667
357,9,"Farrel Island Ledge",44.12645667,-68.68742667
867,19,"Fiddler Ledge",44.10166833,-68.93999833
206,6,"Fish Island Ledge",44.46876667,-67.91695
868,19,"Fish Point Ledge",44.13615,-68.84628333
954,22,"Fisherman Island 1",44.04351667,-69.03748333
154,5,"Fisherman Island 2",44.44216667,-67.61105
626,14,"Fisherman Island 3",43.78995333,-69.60323
627,14,"Fisherman Island 3 Ledge",43.799325,-69.594075
628,14,"Fishhawk Island",43.85480167,-69.60074
517,12,"Fishing Rock",43.33565667,-70.480395
358,9,"Flake Island",44.08715,-68.63477333
909,20,"Flat Island 1",44.31705729,-68.93225911
801,18,"Flat Island 1",44.20861667,-68.8015
259,7,"Flat Island 3",44.37381167,-68.102575
155,5,"Flat Island and Ledges",44.46033333,-67.70398333
802,18,"Fling Island Ledge",44.20623333,-68.7989
207,6,"Flint Island",44.4766,-67.78023333
208,6,"Flint Island Narrows",44.482,-67.792
428,10,"Fog Island",44.09932,-68.57163833
869,19,"Folly Ledge",44.02972,-68.84777833
546,13,"Fort Gorges",43.66273167,-70.22120833
629,14,"Fort Island",43.888855,-69.58492
910,20,"Fort Point Ledge",44.46106667,-68.81011667
518,12,"Fortunes Rock",43.41994167,-70.37549667
209,6,"Foster Island 1",44.52129313,-67.82526855
210,6,"Foster Island Ledge",44.53229574,-67.8239624
630,14,"Foster Island Rock",43.90368167,-69.53785
631,14,"Fourfoot Rock",43.86135667,-69.69786833
12,1,"Freds Island Ledge",44.82352667,-67.143335
109,4,"Freeman Rock",44.46264667,-67.54792833
575,13,"French Island",43.78523333,-70.06675667
577,13,"French Island Ledge",43.78811,-70.06358167
576,13,"French Island West",43.784875,-70.072615
685,16,"Friendship Island",43.9581,-69.34995
632,14,"Fuller Rock",43.69559,-69.83303167
803,18,"Gamma 2",44.259,-68.729
13,1,"Gangway Ledge",44.91507167,-67.11564167
14,1,"Gangway Rock",44.91417167,-67.11918167
955,22,"Garden Island",44.01105,-69.1036
686,16,"Garden Island South Ledge",43.92656667,-69.39048333
687,16,"Gay Island Ledge 1",43.94701667,-69.32016667
688,16,"Gay Island Ledge 3",43.9483,-69.29766667
359,9,"George Head Island",44.12710833,-68.65795167
360,9,"George Head Island Ledge",44.124085,-68.65785333
519,12,"Gerrish Island Rock",43.06342833,-70.68649167
212,6,"Gibbs Island",44.54596667,-67.75921667
993,4,"Gilchrist Rock",44.5316,-67.5473
520,12,"Goat Island Rock",43.35508167,-70.42133833
578,13,"Googins Ledge 1",43.80536333,-70.08432667
994,7,"Googins Ledge 2",,
932,21,"Goose Island and Rocks",44.18473333,-68.95055
579,13,"Goose Nest",43.73740167,-70.08710167
580,13,"Goose Nest Island Ledge",43.74322833,-70.08809333
689,16,"Goose Rock 3",43.9314,-69.30783333
870,19,"Goose Rock 4",44.13586667,-68.83058333
15,1,"Gooseberry Island 2",44.86356667,-67.11450167
361,9,"Gooseberry Island 3",44.12149333,-68.60790167
16,1,"Gooseberry Island North",44.86725333,-67.11222667
956,22,"Gooseberry Knob",44.01818833,-69.05865833
429,23,"Goosebury Island 1",44.13099333,-68.46084
521,12,"Goosefare Bay Ledge B",43.45256333,-70.33748333
581,13,"Goslings Island",43.78408667,-70.04125167
582,13,"Goudy Ledge",43.76495333,-69.893075
991,18,"Grass Ledge 2",44.1951,-68.795
804,18,"Grass Ledges",44.21866667,-68.84898333
583,13,"Grassy Ledge",43.79199167,-70.03261667
283,7,"Great Ledge",44.51448333,-68.29985
584,26,"Great Mark Island",43.71336333,-70.02875167
957,22,"Great Pond Island",44.01033333,-69.05091667
431,10,"Great Spoon East",44.04839333,-68.54985333
432,10,"Great Spoon Island",44.04601167,-68.55664833
430,10,"Great Spoon Ledge",44.05286,-68.55095167
83,3,"Great Spruce Island",44.56508333,-67.502925
805,18,"Great Sprucehead Island 3",44.241,-68.816
806,18,"Great Sprucehead Island Northeast",44.240665,-68.81459167
807,18,"Great Sprucehead Southwest 1",44.227,-68.825
808,18,"Great Sprucehead Southwest 2",44.22776693,-68.82809245
809,18,"Great Sprucehead West 2",44.23613333,-68.8298
110,4,"Great Wass Island",44.49911667,-67.587395
486,11,"Green Island",44.38554333,-68.38767833
310,8,"Green Island 1",44.24928385,-68.50308431
111,4,"Green Island 3",44.49515333,-67.572795
55,2,"Green Island 4",44.56198333,-67.44383333
156,5,"Green Island 5",44.48628333,-67.7075
284,7,"Green Island 9",44.15926667,-68.33506667
433,10,"Green Island Ledge",44.11479833,-68.44325333
41,2,"Green Island Ledge",44.56213333,-67.44231833
487,11,"Green Island Ledge 2",44.38036333,-68.390185
112,4,"Green Island Ledge 2",44.49731833,-67.56655333
362,9,"Green Island Ledge 3",44.13998667,-68.64873833
157,5,"Green Island Ledge 5",44.48391113,-67.70900879
748,17,"Green Island Seal Ledge",43.89158333,-68.99615
213,6,"Green Islands",44.37365,-67.87231667
363,9,"Green Ledge 2",44.18903,-68.54615833
749,17,"Green Ledge 5",43.8275,-68.87701667
810,18,"Green Ledge 6",44.29038333,-68.82858333
871,19,"Green Ledge 7",44.066,-68.92066667
872,19,"Green Ledge 9",44.07608667,-68.91406167
158,5,"Green Rock",44.43898926,-67.6094401
634,14,"Greenleaf Cove Ledge",43.91663333,-69.69090167
633,14,"Greenleaf Ledge",43.92015833,-69.682845
873,19,"Griffin Ledge",44.04753333,-68.77751667
364,9,"Grog Island",44.16134833,-68.623885
365,9,"Grog Island Ledge",44.16350833,-68.62928
211,6,"Guard Point",44.54639,-67.76796
214,6,"Guard Point Ledge",44.54883626,-67.76755778
811,18,"Gull Ledge",44.23771667,-68.71343333
84,3,"Gull Rock 1",44.60365,-67.475745
585,26,"Gun Point Cove",43.78257167,-69.94637
366,9,"Gunning Rock 1",44.135095,-68.59431167
690,16,"Gunning Rocks 2",43.90865,-69.25165
434,24,"Haddock Ledge",44.02662,-68.65945667
691,16,"Halftide Ledge 1",43.97176667,-69.43341667
260,7,"Halftide Ledge 2",44.427865,-68.23398833
215,6,"Halftide Ledge 3",44.51783854,-67.74744873
216,6,"Halftide Ledge 5",44.5278361,-67.81913656
261,7,"Halftide Ledge 6",44.46360667,-68.13399667
635,14,"Halftide Rock",43.93102167,-69.70543667
435,10,"Halfway Rock 1",44.04882333,-68.58422
586,13,"Halfway Rock 2",43.65588833,-70.03698667
547,13,"Halfway Rock 3",43.68110333,-70.22726167
874,19,"Halibut Ledge",44.04472167,-68.77583
436,23,"Halibut Rocks",44.13336667,-68.52478
85,3,"Halifax Island",44.57206667,-67.45530667
113,4,"Hall Island",44.49003833,-67.54833167
750,17,"Harbor Ledge 2",43.83506667,-68.89605
812,18,"Hardhead Island",44.22472333,-68.75416667
636,14,"Harding Ledge",43.85393833,-69.686425
159,5,"Hardwood Island",44.51554333,-67.65907333
692,16,"Harpoon Ledge",43.85346667,-69.34816667
488,11,"Harriman Point",44.30033833,-68.531185
693,16,"Hart Ledge",43.90245,-69.27446667
367,9,"Haskell Ledge",44.16688667,-68.60769833
813,18,"Haskell Ledge 2",44.23534667,-68.95759333
437,23,"Hat Island Ledge",44.14264667,-68.50759333
262,7,"Hatch Point Ledge",44.56797333,-68.255575
694,16,"Havener Ledge",44.02965,-69.37236667
875,19,"Hay Island 2",44.01693333,-68.79185
368,9,"Hay Island Ledge",44.21461667,-68.53597
695,16,"Hay Ledge 1",43.90958333,-69.23381667
160,5,"Hay Ledge 2",44.4829,-67.70488333
369,9,"Haycock Rock",44.16825333,-68.58951833
438,10,"Head Harbor Ledge",44.012415,-68.622185
814,18,"Heart Island Ledge",44.2452,-68.70203333
587,26,"Hen Cove Ledge",43.79127167,-69.907365
876,19,"Hen Island Ledge",44.04141439,-68.82799479
637,14,"Heron Island 2",43.72454,-69.805615
439,23,"Heron Island Point Ledge",44.095145,-68.47592833
638,14,"Heron Island South Ledge",43.76875333,-69.58252833
877,19,"Heron Neck Ledge 2",44.0211,-68.86168333
639,14,"Heron Rock",43.725545,-69.80336833
751,17,"Herring Ledge",43.899,-69.01
17,1,"Hersey Upper Ledge",44.93097333,-67.14889667
815,18,"Hewes Ledge",44.308,-68.886
958,22,"Hewett Island",43.99633333,-69.0685
960,22,"Hewett Island Ledge East",43.99343333,-69.06301667
959,22,"Hewett Island Rock",43.98436279,-69.06778158
86,3,"Hickey Island",44.59444167,-67.42691667
961,22,"High Clam Ledge",44.00101667,-69.085
370,9,"High Head Ledge",44.25094,-68.57684667
962,22,"High Island Ledge 2",44.01685,-69.06068333
963,22,"High Island Ledge 3",44.01246667,-69.0549
752,17,"High Ledge",43.82296667,-68.88268333
440,23,"High Sheriff",44.13171333,-68.46773333
640,14,"Hodgsons Island Ledge",43.87885333,-69.67129667
18,1,"Hog Island 5",44.86986167,-67.06000167
217,6,"Hog Island 6",44.51755,-67.78475
56,2,"Hog Island and Ledges 1",44.68335,-67.33036667
641,14,"Hogdon Ledge",43.881225,-69.69478333
642,14,"Holbrook Ledge 1",43.84162167,-69.59855167
588,26,"Holbrook Ledge 2",43.74020667,-69.93754
57,2,"Holmes Point",44.68616667,-67.36741667
816,18,"Horsehead Cove",44.32411667,-68.76706667
817,18,"Horsehead Island",44.2498,-68.85048333
818,18,"Horseshoe Cove Point Ledge",44.323255,-68.76677167
285,7,"Horseshoe Ledge",44.16228333,-68.31388333
911,20,"Hospital Island Ledge",44.37748333,-68.78473333
19,1,"Huckins Ledge",44.8873,-67.05937167
371,9,"Humpkins Island",44.15914667,-68.63483833
878,25,"Hurricane Island Ledge",44.026,-68.883
643,14,"Hypocrites",43.79954,-69.58810167
58,2,"Indian Head",44.6598,-67.37295
696,16,"Indian Island 2",43.93816667,-69.41668333
489,11,"Indian Point Ledge",44.38770333,-68.381055
879,19,"Indian Point Rock",44.14395,-68.82881667
263,7,"Ingalls Island",44.48970167,-68.19975167
264,7,"Ingalls Island Ledge (pre)",44.49968667,-68.21390833
265,7,"Ingalls Ledge 1",44.48517333,-68.204875
266,7,"Ingalls Ledge 2",44.484,-68.205
267,7,"Ingalls Ledge 3",44.48,-68.206
268,7,"Ingalls Ledge 4",44.488,-68.202
880,19,"Inner Bay Ledge",44.075,-68.952
286,7,"Inner Dawes Ledge",44.18365,-68.33615
589,13,"Inner Green Island",43.66388833,-70.10625833
161,5,"Inner Sand Island Ledge 2",44.47086667,-67.6768
697,16,"Inner Shag Ledge",43.91058333,-69.30305
964,22,"Inner Two Bush Island",43.96521667,-69.07801667
441,10,"Inside York Island",44.06107167,-68.59681
590,13,"Irony Island",43.78617,-70.03658833
819,18,"Islesboro Harbor",44.31,-68.896
912,20,"Islesboro Ledge",44.3502,-68.8569
644,14,"Jack Rock",43.74906333,-69.770825
881,25,"James and Willies Ledge",44.02150879,-68.87427572
490,11,"Jed Island",44.40706,-68.48431833
491,11,"Jed Island Ledge",44.40562333,-68.48683333
698,16,"Jenks Ledge",43.9239,-69.32226667
218,6,"Jetteau Point Ledge",44.46019287,-67.9949585
699,16,"Jims Island",43.96097333,-69.40403667
700,16,"Jims Island Ledge 1",43.96000167,-69.40805667
701,16,"Jims Island Ledge 2",43.95873333,-69.40453333
928,21,"Job Island Point",44.2176,-68.95095
929,21,"Job Island Rock",44.21795,-68.94645
372,9,"John Island 1",44.13243,-68.66934333
702,16,"Johns Island 2",44.02526667,-69.3909
311,8,"Johns Island 3",44.19782308,-68.48863118
442,23,"Johns Island Dry Ledge",44.10068833,-68.414185
312,8,"Johns Island Ledge",44.19934082,-68.4828125
703,16,"Johnson Island Ledge",44.02403333,-69.3885
913,20,"Johnson Point Ledge",44.41518333,-68.73105
704,16,"Jones Garden Island",43.93031667,-69.3873
219,6,"Jordans Delight",44.44398333,-67.82205
220,6,"Jordans Delight Ledge",44.43635,-67.81621667
591,13,"Junk of Pork",43.64753,-70.12154167
443,24,"Keeler Rock",44.01053833,-68.66305333
444,10,"Keeler Rock North",44.014075,-68.66084833
522,12,"Kennebunk Beach Rock",43.33867667,-70.490055
882,19,"Kent Ledge",44.138,-68.843
329,9,"Kimball Rock",44.0708,-68.68422833
645,14,"Knowles Rock",43.87078833,-69.53019167
313,8,"Lamp Island",44.2336263,-68.47618815
883,19,"Lane Ledge",44.00513333,-68.8074
87,3,"Lapstone Ledge",44.616235,-67.52115
933,21,"Lasell Island North Point",44.201095,-68.96174333
934,21,"Lasell Island South Point",44.19091833,-68.96559167
884,25,"Lawrys Narrows",44.06693333,-68.89716667
373,9,"Lazygut Island",44.180335,-68.56564167
885,19,"Leadbetter Cove",44.106,-68.847
886,19,"Leadbetter Island",44.07176514,-68.89996745
887,19,"Leadbetter Island Ledge",44.07521667,-68.90766667
492,11,"Ledges Point",44.348755,-68.418685
20,1,"Leighton Point Ledge",44.81596667,-67.15269333
59,2,"Libby Island",44.57451667,-67.35986667
60,2,"Libby Island Ledge",44.56918333,-67.36278333
935,21,"Lime Island",44.20451667,-68.95595
936,21,"Lime Island Ledge 1",44.208,-68.957
937,21,"Lime Island Ledge North",44.2112,-68.95125
374,9,"Little Babson Island and Rocks",44.24069,-68.564835
221,6,"Little Black Ledge",44.3681722,-67.97435303
888,19,"Little Brimstone Island",44.00780029,-68.77237142
708,16,"Little Burnt Island",43.8753,-69.29228333
705,16,"Little Caldwell Island 2",43.93189667,-69.295475
114,4,"Little Cape Point",44.469715,-67.55910167
548,13,"Little Chebeague Island Ledge",43.71394,-70.155615
21,1,"Little Dram Island",44.88182,-67.143965
162,5,"Little Drisco Island",44.484,-67.66823333
163,5,"Little Drisco Island Ledge",44.486,-67.66451667
287,7,"Little Duck Island",44.17048333,-68.24503333
706,16,"Little Egg Rock",43.85453333,-69.34038333
707,16,"Little Franklin Ledge",43.88523333,-69.37475
592,13,"Little French Island",43.7866,-70.07093167
753,17,"Little Green Island 1",43.917,-69.03195
115,4,"Little Hardwood Island",44.49775,-67.55699
889,25,"Little Hurricane Island",44.03542833,-68.902865
222,6,"Little Ledge",44.40458171,-67.92961833
61,2,"Little Machias Bay Ledge 1",44.63868333,-67.25745
62,2,"Little Machias Bay Ledge 2",44.651,-67.25983333
116,4,"Little Pond Head",44.45608333,-67.56434
966,22,"Little Pond Island",44.01335,-69.04701667
965,22,"Little Pond Island Ledge",44.0109,-69.04461667
88,3,"Little Ram Island",44.61314333,-67.522155
164,5,"Little Ram Island Ledge",44.49861667,-67.62926667
523,12,"Little River Rocks",43.33342333,-70.53156667
117,4,"Little Sheep Island 1",44.52181333,-67.56876667
375,9,"Little Sheep Island 2",44.17688333,-68.6125
445,10,"Little Spoon Island",44.03837,-68.56984
89,3,"Little Spruce Island",44.55371167,-67.51571
90,3,"Little Spruce Rock",44.556665,-67.523665
821,18,"Little Sprucehead 1",44.23455,-68.84848333
822,18,"Little Sprucehead 2",44.22945,-68.84808333
593,13,"Little Whaleboat Island",43.76150333,-70.05961167
542,13,"Littlejohn Island",43.76661,-70.11459167
709,16,"Long Island Ledge 1",43.97845,-69.40323333
22,1,"Long Island Ledge 2",44.864375,-67.05241333
823,18,"Long Ledge",44.277,-68.924
376,9,"Long Ledge 1",44.18040333,-68.54685833
315,8,"Long Ledge 10",44.18973389,-68.4759847
314,8,"Long Ledge 2",44.22546387,-68.30378418
118,4,"Long Ledge 4",44.525415,-67.57058167
269,7,"Long Ledge 5",44.469145,-68.143535
63,2,"Long Ledge 6",44.64605,-67.25631667
288,7,"Long Ledge 7",44.2257,-68.30426667
710,16,"Long Ledge 8",43.8889,-69.3641
967,22,"Long Ledge 9",43.9891,-69.12791667
549,13,"Lower Basket Ledge",43.73027833,-70.15720167
594,13,"Lower Goose Island",43.79551667,-70.03589667
646,14,"Lower Mark Island",43.79255,-69.676375
316,8,"Mackerel Cove Ledge",44.17522786,-68.43406576
754,17,"Mackerel Ledge",43.86708167,-68.86128
377,9,"Mahoney Island",44.2167,-68.51259
119,4,"Main Channel",44.48254333,-67.55034667
755,17,"Malcolm Ledge",43.86736667,-68.77591667
120,4,"Man Island",44.489535,-67.52004
968,22,"Marblehead Island",44.03638833,-69.04194333
122,4,"Mark Island 4",44.52815,-67.53343167
595,26,"Mark Island 5",43.72063,-69.89803833
378,9,"Mark Island Ledge",44.134375,-68.69841333
121,4,"Marker 4 Ledge",44.501135,-67.56393667
330,9,"Marsh Cove Ledge",44.07051167,-68.66485167
91,3,"Marsh Island Rock",44.58984,-67.49729
446,23,"Mason Ledge",44.09759167,-68.48691333
756,17,"Matinicus Rock",43.78668333,-68.8542
617,14,"McGuire Point Ledge",43.92896333,-69.58574167
890,25,"Medric Rock",44.06347667,-68.930705
757,17,"Metinic Green Island",43.86116667,-69.13193333
891,19,"Middle Ledge 1",44.02139,-68.79444167
647,14,"Middle Mark Island",43.84738333,-69.69548333
711,16,"Midway Rock",43.87428333,-69.37036667
493,11,"Mill Cove Ledge",44.47214,-68.42621333
596,13,"Ministerial Island",43.71213833,-70.08025667
123,4,"Mink Island",44.48816667,-67.56776167
223,6,"Mink Island 2",44.53826667,-67.76866667
64,2,"Mink Island Ledge",44.61916667,-67.27986667
597,13,"Mink Rock",43.70170167,-70.07539
824,18,"Minot Island Rock",44.25108333,-68.92905
825,18,"Minot Ledge",44.24498333,-68.94045
124,4,"Mistake Island C",44.47584167,-67.53987667
524,12,"Moody Beach",43.28410167,-70.56853833
447,23,"Moores Harbor",44.04731,-68.64397
448,23,"Moores Harbor Ledge",44.03837,-68.66075
449,23,"Moores Harbor Ledge 2",44.049255,-68.648665
23,1,"Moose Cove and Ledge",44.73931,-67.08630333
125,4,"Moose Rock",44.52022667,-67.53967333
712,16,"Morse Island Ledge",43.94521667,-69.33371667
713,16,"Morse Ledge",43.94131667,-69.34
289,7,"Mosley Point Ledge",44.4971,-68.27173333
714,16,"Mosquito Island",43.92563333,-69.216
715,16,"Mosquito Island Ledge",43.91851667,-69.24298333
290,7,"Mount Desert Rock",43.9684,-68.12767
525,12,"Mousam River",43.33702333,-70.50336833
938,21,"Mouse Island",44.19846667,-68.94255
939,21,"Mouse Island Ledge North",44.202,-68.941
126,4,"Mud Hole Channel",44.479155,-67.55326333
892,19,"Mullen Cove Ledge",44.15445,-68.8126
165,5,"Nash Island",44.4617,-67.74473333
379,9,"Naskeag Harbor",44.22984667,-68.53916
380,9,"Nathan Island",44.09672833,-68.63268167
992,4,"Nats Rock",44.5212,-67.5645
969,22,"Nettle Island",43.99921061,-69.07017415
224,6,"Nightcap Ledge",44.518,-67.759
24,1,"Nipps Island",44.92621333,-67.05165667
758,17,"No Man's Land",43.88541667,-68.86875
450,10,"North Popplestone Ledge 1 and 2",44.10731167,-68.56384333
39,1,"North Rock Machias Seal Island",44.5375,-67.0875
826,18,"Northwest Harbor Ledge",44.253,-68.715
166,5,"Norton Island 2",44.5044515,-67.64346924
225,6,"Norton Island Ledge 2",44.49546667,-67.763635
970,22,"Norton Island Ledges",43.974,-69.151
167,5,"Norton Ledge 1",44.50055745,-67.64714355
168,5,"Norton Ledge 2",44.507,-67.638
716,16,"Nubbins",43.97305833,-69.34905667
893,19,"Oak Hill Ledge",44.18829346,-68.82749023
914,20,"Odom Ledge",44.515,-68.801
226,6,"Old Bull",44.3929,-67.88901667
717,16,"Old Cilley Ledge",43.8869,-69.25703333
894,19,"Old Duke Ledge",44.03338333,-68.80071667
895,19,"Old Horse Ledge",44.02591667,-68.77431667
718,16,"Old Hump Ledge",43.8786,-69.35483333
65,2,"Old Man 1",44.61966167,-67.236295
227,6,"Old Man 2",44.367305,-67.99500667
719,16,"Old Woman Ledge 1",43.85093333,-69.31798333
317,8,"Opeechee Island",44.21497396,-68.484611
318,8,"Orono Island",44.18737793,-68.46453451
319,8,"Orono Island Ledge",44.19154867,-68.45773926
720,16,"Otis Cove",43.98766667,-69.23741667
721,16,"Otis Cove Point",43.99211667,-69.23641667
896,19,"Otter Island Ledge",44.00405,-68.79156667
972,22,"Otter Island Ledge 1",44.025,-69.081
973,22,"Otter Island Ledge 2",44.02296549,-69.05911458
971,22,"Otter Island Rock",44.0211,-69.0705
451,23,"Otter Ledge 1",44.14653333,-68.36342833
291,7,"Outer Dawes Ledge",44.17709961,-68.3334554
897,25,"Outer Dogfish Ledge",44.095,-68.928
648,14,"Outer Heron Island",43.77098833,-69.586515
169,5,"Outer Ram Island Ledge",44.488,-67.63168333
170,5,"Outer Sand Island",44.46106667,-67.66925
381,9,"Outer Scrag Ledge",44.109615,-68.71270333
722,16,"Outer Shag Ledge",43.90865,-69.29716667
723,16,"Palmer Island Ledge",43.971945,-69.397225
25,1,"Parker Island",44.85715556,-67.11383333
26,1,"Parker Island Ledge",44.85978667,-67.11134
228,6,"Pea Ledge",44.46336667,-67.86398333
649,14,"Peabow Island",43.904545,-69.54392167
650,14,"Peabow Island Rock",43.9021,-69.54411667
651,14,"Peters Island Ledge",43.90699,-69.56760333
229,6,"Petit Manan Reef",44.36528333,-67.86356667
652,14,"Pettis Rocks",43.83160833,-69.798795
452,23,"Phinney Point",44.16976333,-68.39510167
382,9,"Phoebe Island",44.14674833,-68.57533333
827,18,"Pickering Island Ledges",44.25876667,-68.73783333
42,2,"Pierson Ledge",44.594515,-67.41332667
127,4,"Pig Island Ledge",44.519365,-67.57511
230,6,"Pigeon Hill Bay Ledge",44.42144368,-67.88830566
653,14,"Pleasant Cove 2",43.92584167,-69.58780167
654,14,"Pleasant Cove Ledge",43.93059,-69.58650667
975,22,"Pleasant Island Ledge South",43.97291667,-69.07762
974,22,"Pleasant Island and Ledges",43.97903333,-69.07333333
172,5,"Plummer Island",44.48463135,-67.69818522
173,5,"Plummer Ledge",44.48319092,-67.69516602
235,6,"Point Francis Rock",44.45,-67.988
898,19,"Point Ledge",44.02857666,-68.82828776
724,16,"Polins Ledges",43.90770667,-69.42664333
174,5,"Pomps Island Ledge",44.50650228,-67.65318604
231,6,"Pond Island",44.46243333,-67.83501667
320,8,"Pond Island 1",44.22919922,-68.48111979
828,18,"Pond Island 3",44.28840333,-68.79988667
232,6,"Pond Island 4 South",44.447,-67.897
233,6,"Pond Island 5 West",44.45580241,-67.84215902
598,26,"Pond Island Ledge",43.72516667,-69.97456
234,6,"Pop Island Ledge",44.47358333,-67.91816667
171,5,"Popplestone Ledge",44.47364167,-67.60747833
940,21,"Porterfield Ledge",44.15386167,-69.06141
383,9,"Potato Island Ledge 2",44.206925,-68.560645
384,9,"Potato Ledge",44.16839667,-68.550855
829,18,"Pressey Cove Ledge",44.23131667,-68.71113333
526,12,"Prouts Neck Ledge",43.5295,-70.307275
270,7,"Pulpit Ledge",44.37295,-68.09786
655,15,"Pumpkin Island",43.75605833,-69.58073667
656,15,"Pumpkin Island Ledges",43.75685167,-69.59257833
27,1,"Quoddy Narrows Gravel Bar",44.82694833,-66.97502
28,1,"Quoddy Narrows Rocks",44.83873667,-66.97527333
29,1,"Race Point South Ledge",44.873275,-67.11311
759,17,"Ragged Island 2",43.8221,-68.89893333
760,17,"Ragged Island Ledge 2",43.81733333,-68.89225
761,17,"Ragged Island Ledge 3",43.82015,-68.89513333
453,23,"Ram Island 1",44.15070333,-68.38620667
527,12,"Ram Island 10",43.46773333,-70.35929333
657,14,"Ram Island 15",43.80379167,-69.59925167
385,9,"Ram Island 17",44.105225,-68.671045
915,20,"Ram Island 2",44.33376667,-68.92373333
66,2,"Ram Island 4",44.57538333,-67.39318333
916,20,"Ram Island 6",44.36668333,-68.8024
941,21,"Ram Island 7",44.1372,-69.07305
175,5,"Ram Island 8",44.49270426,-67.70437826
659,14,"Ram Island Ledge 1",43.87086167,-69.68662167
917,20,"Ram Island Ledge 2",44.33788333,-68.92393333
658,14,"Ram Island Rock 1",43.86906,-69.68413833
725,16,"Ram Island Rock 2",43.96528333,-69.35423333
236,6,"Raspberry Island",44.54093333,-67.76625
830,18,"Resolution Island",44.26093333,-68.85918333
128,4,"Rhine Point Ledge",44.54413667,-67.55598167
454,10,"Richs Ledge",44.08103,-68.58912
455,23,"Ringtown Island 1",44.12372167,-68.49111333
237,6,"Ripley Ledge",44.518,-67.79
942,21,"Robinson Rock",44.15998333,-68.97803333
943,21,"Robinson Rock Ledge",44.16315,-68.97863333
238,6,"Rock South Dyer Ledge",44.483,-67.798
456,10,"Rock T",44.07533833,-68.58991667
321,8,"Rocky Ledge",44.21572673,-68.47759603
92,3,"Roque Island Thorofare Ledge",44.56667,-67.51108
67,2,"Round Island",44.66848333,-67.35473333
292,7,"Rummel Island",44.242,-68.2
944,21,"Saddle Island",44.17898333,-68.96503333
458,23,"Saddleback Island 3",44.112785,-68.538265
899,19,"Saddleback Ledge 2",44.01455,-68.72651667
30,1,"Sal Seal Island and Ledges",44.89179667,-67.16849833
239,6,"Sally Island Rock",44.45703333,-67.91313333
459,23,"Sand Cove Ledge 2",44.148405,-68.47233
240,6,"Sand Cove Ledge 3",44.40090333,-67.959525
129,4,"Sand Cove Ledge 4",44.49314,-67.57924
322,8,"Sand Island 1",44.25360921,-68.49485677
599,13,"Sand Island 2",43.71242667,-70.10645333
726,16,"Sand Island 3",43.96903333,-69.35125
550,13,"Sandy Point Ledges",43.766825,-70.15372667
93,3,"Sandy Rock Ledge",44.57206667,-67.56584833
68,2,"Scabby Island",44.57063333,-67.40698333
241,6,"Schoodic Island",44.33163249,-68.02924805
31,1,"Schooner Cove Island",44.89557333,-67.11981667
831,18,"Scott Island Ledge",44.282,-68.749
460,23,"Scrag Island 1",44.11667,-68.43726333
832,18,"Scrag Island 2",44.22341667,-68.83388333
461,23,"Scrag Island Ledge",44.11307,-68.43386167
386,9,"Scraggy Island Ledge 2",44.12420667,-68.70903333
387,9,"Scraggy Ledge",44.10282,-68.69174
32,1,"Scrub Island",44.845845,-67.04508
33,1,"Scrub Island Ledge",44.84773333,-67.04280167
176,5,"Seaduck Rock",44.491,-67.65203333
900,19,"Seal Bay Rocks",44.08885,-68.8038
323,8,"Seal Cove 6",44.16480306,-68.48271484
901,19,"Seal Cove Ledge 2",44.10706667,-68.86318333
242,6,"Seal Cove Ledge 3",44.43895,-67.85613333
660,14,"Seal Cove Ledge 4",43.88756167,-69.5691
69,2,"Seal Cove Ledge 5",44.60142008,-67.31899007
528,12,"Seal Head Point Rock",43.119715,-70.63134
661,14,"Seal Island 1",43.70677833,-69.82845833
763,17,"Seal Island 2",43.8884,-68.73756667
976,22,"Seal Island 3",43.98363333,-69.12306667
494,11,"Seal Ledge 2",44.41202333,-68.49295167
94,3,"Seal Ledge 3",44.57696167,-67.50353167
727,16,"Seal Ledge 4",43.87348333,-69.34168333
902,19,"Seal Ledge 5",44.07068333,-68.93645
764,17,"Seal Ledge 6",43.82415,-68.87781667
765,17,"Seal Ledge 8",43.77426833,-69.311515
551,13,"Seal Ledge 9",43.73222167,-70.14122667
462,10,"Seal Ledges 7",44.04024667,-68.60180667
271,7,"Seal Point Ledge",44.51096667,-68.29904833
529,12,"Seal Rock 2",43.55688833,-70.22735167
177,5,"Seal Rock 3",44.43798333,-67.61618333
662,14,"Seal Rock 4",43.99019,-69.66284167
918,20,"Sears Island Ledge",44.429,-68.89
977,22,"Seavey Ledge",43.97276667,-69.166
978,22,"Seavey Ledge North",43.97551667,-69.1652
979,22,"Seavey Ledge South",43.97098333,-69.1677
388,9,"Second Island Ledge",44.15142,-68.710335
130,4,"Seguin Ledge 2",44.51684167,-67.53856667
131,4,"Seguin Ledge 2 A",44.514755,-67.53464
663,15,"Seguin Ledges 1",43.72229333,-69.75460667
773,21,"Seven Humdred Acre Island",44.24281667,-68.95545
178,5,"Shabbit Island",44.50733333,-67.68303333
179,5,"Shabbit Island Ledge",44.51173333,-67.67408333
389,9,"Shabby Island",44.16696,-68.559945
390,9,"Shabby Island Ledge",44.16847,-68.55905
95,3,"Shag Island",44.56191833,-67.47302667
243,6,"Shag Island 2",44.52208333,-67.80737333
728,16,"Shag Ledge 1",43.88625,-69.2892
244,6,"Shag Ledge 3",44.456,-67.991
70,2,"Shag Ledge 5",44.58796667,-67.41553333
903,19,"Shag Rock",44.01311667,-68.77591667
530,27,"Shag Rock 9",43.00531833,-70.60698167
729,16,"Shark Ledge",43.84553333,-69.35811667
600,13,"Sheep Inlet",43.80845167,-69.88136333
904,19,"Sheep Island 6",44.1792,-68.7953
324,8,"Sheep Island 7",44.21240641,-68.4654541
325,8,"Sheep Island Ledge",44.21182861,-68.46324056
391,9,"Sheep Island Ledge",44.179325,-68.603605
919,20,"Sheep Island Ledge 1",44.37056667,-68.76366667
920,20,"Sheep Island Ledge 2",44.36711667,-68.76876667
392,9,"Sheep Island Ledge 3",44.173145,-68.59940667
132,4,"Sheep Island Ledges 3 and 8",44.51417667,-67.57118333
980,22,"Sheep Island Shoals",44.05688333,-69.04783333
393,9,"Sheep Rock",44.17041,-68.6038
833,18,"Sheephead Island Ledge",44.19508333,-68.72413333
394,9,"Sheldrake Ledge",44.171635,-68.59151167
180,5,"Shelldrake Island",44.52901667,-67.68776667
396,9,"Shingle Island Ledge",44.15423167,-68.58082667
395,9,"Shingle Island Ledge East",44.15919167,-68.572135
397,9,"Shingle Island Ledge West",44.15523667,-68.58961667
293,7,"Ship Harbor Ledge",44.22466667,-68.31686667
495,11,"Ship and Barges Ledge",44.22675,-68.43247833
294,7,"Shooting Ledge",44.46713333,-68.26973333
531,12,"Shooting Rock",43.536425,-70.30331167
602,13,"Sister Island Ledges",43.819955,-70.038875
601,13,"Sisters 1",43.81528333,-70.04105667
295,7,"Skillings Ledge",44.5007,-68.27455
834,18,"Sloop Island",44.20645,-68.8127
836,18,"Sloop Island Ledge 2",44.20595,-68.8179
835,18,"Sloop Island Rock",44.20911667,-68.8137
603,26,"Sloop Ledges",43.75581833,-69.94667167
398,9,"Smuttynose Island 1",44.22108167,-68.52188333
604,13,"Snow Island Southeast",43.81432292,-69.91098633
496,11,"South Ledge",44.402815,-68.487435
457,10,"South Popplestone Ledge",44.09953667,-68.56653667
605,13,"South Whaleboat",43.74186167,-70.06189833
762,17,"Southeast Breaker",43.84466667,-69.17218333
399,9,"Southeast Harbor",44.19779833,-68.625285
400,9,"Southern Mark Island",44.121135,-68.57293333
401,9,"Southern Mark Island Ledge",44.13207167,-68.57832833
766,17,"Southern Triangles",43.90058333,-69.06756667
532,12,"Southwest Ledge",43.00323,-70.60870833
767,17,"Southwest Ledge 1",43.817,-68.903
606,13,"Sow and Pigs",43.80529333,-70.0618
921,20,"Sparks Island Ledge",44.44482,-68.72622833
402,9,"Sparrow Island",44.11587667,-68.69382333
403,9,"Sparrow Island Ledge 1",44.11465333,-68.69602
404,9,"Sparrow Island Ledge 2",44.11638167,-68.703515
981,22,"Spaulding Island Rock",44.03176667,-69.11050667
133,4,"Spectacle Island 1",44.50488333,-67.56967333
837,18,"Spectacle Island 4",44.30681667,-68.78031667
134,4,"Spectacle Island Ledge 1",44.50575,-67.57470667
34,1,"Spectacle Island Ledge 2",44.91696,-67.04406667
982,22,"Spectacles",43.97651667,-69.18403333
463,23,"Spirit Ledges",44.08830167,-68.52328333
844,19,"Spoon Ledge",44.20141667,-68.82898333
922,20,"Sprague Ledge",44.345,-68.92
71,2,"Sprague Neck",44.66173333,-67.33136667
405,9,"Spruce Island Rocks",44.14063333,-68.59991
497,11,"Squid Island",44.36790833,-68.398315
664,14,"Squirrel Island Ledge",43.81301667,-69.62701
245,6,"Squirrel Point",44.5105,-67.82025
533,12,"Stage Harbor Ledge",43.36522667,-70.41631667
983,22,"Stallion Ledge",43.96803333,-69.09903333
905,25,"Stand-in Point Ledge",44.11008333,-68.94755
181,5,"Stanley Ledge",44.45688333,-67.66683333
246,6,"Stanley Point Ledge",44.42079667,-67.92514667
607,13,"Stave Island Ledge",43.72056,-70.08065667
272,7,"Stave Island Ledges",44.44282667,-68.14253
923,20,"Steels Ledge",44.4193,-68.9723
182,5,"Stevens Island and Ledges",44.48898333,-67.67475
406,9,"Stinson Neck North",44.19312667,-68.55814667
543,13,"Stockbridge Point",43.80543667,-70.10446833
608,13,"Stockman Island",43.73833833,-70.07787333
72,2,"Stone Island Ledge 1",44.59681667,-67.36701667
730,16,"Stone Island Ledge 2",43.92296667,-69.29806667
35,1,"Straight Bay West",44.864465,-67.11829833
534,12,"Stratton Island",43.50381667,-70.31102667
535,12,"Stratton Island A",43.501945,-70.31379333
247,6,"Strout Island Ledge",44.51208333,-67.79923333
552,13,"Sturdivant Island Ledges",43.73128667,-70.18915167
298,9,"Sunken Egg Rock",44.17832,-68.51259
838,18,"Swains Ledge",44.28916833,-68.73722333
327,8,"Swans Island Head Ledges",44.17177734,-68.48371582
326,8,"Swans Island Rock",44.18047689,-68.44724935
36,1,"Talbot Cove Ledges",44.85969667,-67.11741167
731,16,"Teel Island",43.92606667,-69.29418167
924,20,"The Bare Ledge",44.35508333,-68.86111667
464,24,"The Brandies",44.02546833,-68.68193333
732,16,"The Brothers",43.91045,-69.23781667
665,14,"The Bulldog",43.82072833,-69.56461667
248,6,"The Castle",44.4066,-67.91956667
465,23,"The Cow Pen",44.05977833,-68.58342333
466,10,"The Cow Pen Island Ledge",44.055525,-68.58342333
407,9,"The Fort Rocks Southeast",44.15516333,-68.70980667
296,7,"The Gut",44.24888333,-68.23448333
499,11,"The Hub",44.37553667,-68.41969333
183,5,"The Ladle",44.48345,-67.7391
984,22,"The Neck",44.008,-69.045
135,4,"The Nipple",44.52822333,-67.55417
553,13,"The Nubbin",43.75855333,-70.176155
666,14,"The Sisters",43.74119833,-69.72115833
733,16,"Thompson Island 2",43.90417833,-69.31131167
667,14,"Thread-Life",43.827645,-69.548795
668,14,"Thread-Life C",43.83341,-69.54810333
467,23,"Three Bush Island",44.121635,-68.52058167
468,23,"Three Bush Ledge",44.117245,-68.51978333
273,7,"Thrumcap 2",44.45167167,-68.15106167
841,18,"Thrumcap 4",44.26444833,-68.92785667
839,18,"Thrumcap Island 1",44.32086667,-68.75855
840,18,"Thrumcap Ledge 1",44.31561667,-68.75885
669,14,"Thurston Point",43.87640333,-69.536255
925,20,"Tils Point Ledge",44.429,-68.745
536,12,"Timber Island",43.39355833,-70.39738833
498,11,"Tinker Island",44.26774833,-68.48803667
249,6,"Tom Leighton Point Ledge",44.46418833,-67.86920167
250,6,"Tommy Island 3",44.48295,-67.8136
985,22,"Tommy Island Rocks",44.01805,-69.1145
408,9,"Torrey Island A",44.25411333,-68.59882833
409,9,"Torrey Island Rock",44.245385,-68.58256833
251,6,"Trafton Halftide Ledge",44.4974,-67.8307
328,8,"Triangles",44.18759359,-68.44484863
926,20,"Trott Ledge",44.396,-68.784
500,11,"Trumpet Island",44.24201333,-68.443295
501,11,"Tupper Ledge",44.47379167,-68.43906333
274,7,"Turtle Island",44.35213167,-68.095145
275,7,"Turtle Island Ledge",44.35227833,-68.10217333
410,9,"Twin Ledges East",44.13435833,-68.68343833
411,9,"Twin Ledges West",44.13385333,-68.69143833
734,16,"Two Bush Island 1",43.91843333,-69.31638333
986,22,"Two Bush Island 2",43.96555176,-69.0736084
769,17,"Two Bush Island 3",43.87788333,-68.8828
842,18,"Two Bush Island 4",44.28281667,-68.76316667
987,22,"Two Bush Island Ledge 2",43.9671346,-69.06813151
768,17,"Two Bush Ledge 1",43.875045,-68.877465
988,22,"Two Bush Reef",43.97241667,-69.06536667
609,13,"Uncle Zeke Island",43.80256,-69.95114
502,11,"Union River",44.49477167,-68.430525
554,13,"Upper Basket Ledge",43.739705,-70.15957833
37,1,"Upper Dennys Bay",44.91174667,-67.19543
610,13,"Upper Flag Island Ledge 1",43.72056,-70.04006333
611,13,"Upper Flag Island Ledge 2",43.723295,-70.03589667
612,13,"Upper Green Island",43.77179,-70.082145
73,2,"Upper Long Ledge",44.65513333,-67.25808333
670,14,"Upper Mark Island",43.87359667,-69.69567833
136,4,"Virgin Island",44.53247,-67.55829667
96,3,"Wallace Ledge",44.55162333,-67.52004
137,4,"Water Island",44.47266833,-67.53987667
138,4,"Water Island Ledge",44.47649,-67.547725
989,22,"Waterman Beach",44.02095,-69.12285
252,6,"Watts Cove",44.498,-67.8
537,12,"Watts Ledge",43.542395,-70.22334833
735,16,"Webber Dry Ledge",43.89496667,-69.44885
820,18,"Weeds Ledge",44.26855833,-68.69366833
538,12,"Wells Beach Ledge",43.29253,-70.56232167
503,11,"West Barge Ledge",44.23193333,-68.44991
770,17,"West Black Ledge",43.86166667,-68.86955
412,9,"West Halibut Ledges",44.10932667,-68.69282167
469,23,"West Sister Island",44.13783,-68.38311333
736,16,"Western Egg Rock",43.87918333,-69.41608333
843,18,"Western Island 1",44.28693333,-68.81493333
253,6,"Western Reef Island",44.47746667,-67.8132
504,11,"Weymouth Point 1",44.48140833,-68.441065
254,6,"Whale Ledge",44.39801667,-67.86628333
614,26,"Whale Rock",43.70429333,-70.03767833
539,12,"Whaleback Reef",43.05860167,-70.696305
613,13,"Whaleboat Island",43.76445333,-70.04423
413,9,"Wheat Island",44.09946333,-68.61599167
771,17,"Wheeler Big Rock",43.9,-69.124
671,14,"White Island 1",43.79161,-69.57556167
414,9,"White Island 4",44.213895,-68.57083333
540,12,"White Island 5",42.969185,-70.62422667
415,9,"White Island Ledge 1",44.21978833,-68.57203
471,10,"White Ledge",44.08657667,-68.56054667
470,10,"Whitehorse Ledge",44.03037167,-68.56753667
672,14,"Whittum Island",43.85717833,-69.70145667
906,19,"Widow Island",44.13105,-68.82828333
615,13,"Wilson Cove",43.81707833,-69.98051833
38,1,"Wilson Ledges",44.9042,-67.101985
184,5,"Wohoa Ledge",44.52749837,-67.68595378
737,16,"Wolsgrover Island",44.00771833,-69.36061167
541,12,"Wood Island 4",43.45599,-70.33921667
616,13,"Wood Island South Ledge",43.72826,-69.87093833
772,17,"Woodenball Island and Ledge",43.86008333,-68.81306667
416,9,"Wreck Island",44.12933833,-68.64117
738,16,"Wreck Island Ledge 2",43.91613333,-69.39526667
472,23,"Yellow Ledge 1",44.11847,-68.48591333
990,22,"Yellow Ridge Island and Ledges",43.98073333,-69.1109
907,19,"Yellow Rock",44.00389,-68.80416667
473,10,"York Ledges 1",44.075485,-68.58601833
927,20,"Youngs Island Rocks",44.429505,-68.74108
276,7,"Youngs Point Ledge",44.50396322,-68.26988118
908,19,"Zeke Point Ledge",44.124,-68.856
